
Masjid_Clock1.elf:     file format elf32-avr

Sections:
Idx Name          Size      VMA       LMA       File off  Algn
  0 .text         00002bde  00000000  00000000  00000094  2**1
                  CONTENTS, ALLOC, LOAD, READONLY, CODE
  1 .data         00000076  00800060  00002bde  00002c72  2**0
                  CONTENTS, ALLOC, LOAD, DATA
  2 .bss          00000005  008000d6  008000d6  00002ce8  2**0
                  ALLOC
  3 .stab         0000279c  00000000  00000000  00002ce8  2**2
                  CONTENTS, READONLY, DEBUGGING
  4 .stabstr      0000106e  00000000  00000000  00005484  2**0
                  CONTENTS, READONLY, DEBUGGING
  5 .debug_aranges 00000160  00000000  00000000  000064f2  2**0
                  CONTENTS, READONLY, DEBUGGING
  6 .debug_pubnames 0000018f  00000000  00000000  00006652  2**0
                  CONTENTS, READONLY, DEBUGGING
  7 .debug_info   00002045  00000000  00000000  000067e1  2**0
                  CONTENTS, READONLY, DEBUGGING
  8 .debug_abbrev 00001101  00000000  00000000  00008826  2**0
                  CONTENTS, READONLY, DEBUGGING
  9 .debug_line   00000f82  00000000  00000000  00009927  2**0
                  CONTENTS, READONLY, DEBUGGING
 10 .debug_frame  00000180  00000000  00000000  0000a8ac  2**2
                  CONTENTS, READONLY, DEBUGGING
 11 .debug_str    000002c2  00000000  00000000  0000aa2c  2**0
                  CONTENTS, READONLY, DEBUGGING
 12 .debug_loc    0000088e  00000000  00000000  0000acee  2**0
                  CONTENTS, READONLY, DEBUGGING
 13 .debug_ranges 00000050  00000000  00000000  0000b57c  2**0
                  CONTENTS, READONLY, DEBUGGING

Disassembly of section .text:

00000000 <__vectors>:
       0:	0c 94 2a 00 	jmp	0x54	; 0x54 <__ctors_end>
       4:	0c 94 7d 12 	jmp	0x24fa	; 0x24fa <__vector_1>
       8:	0c 94 95 12 	jmp	0x252a	; 0x252a <__vector_2>
       c:	0c 94 47 00 	jmp	0x8e	; 0x8e <__bad_interrupt>
      10:	0c 94 47 00 	jmp	0x8e	; 0x8e <__bad_interrupt>
      14:	0c 94 47 00 	jmp	0x8e	; 0x8e <__bad_interrupt>
      18:	0c 94 47 00 	jmp	0x8e	; 0x8e <__bad_interrupt>
      1c:	0c 94 11 12 	jmp	0x2422	; 0x2422 <__vector_7>
      20:	0c 94 47 00 	jmp	0x8e	; 0x8e <__bad_interrupt>
      24:	0c 94 47 00 	jmp	0x8e	; 0x8e <__bad_interrupt>
      28:	0c 94 47 00 	jmp	0x8e	; 0x8e <__bad_interrupt>
      2c:	0c 94 43 11 	jmp	0x2286	; 0x2286 <__vector_11>
      30:	0c 94 47 00 	jmp	0x8e	; 0x8e <__bad_interrupt>
      34:	0c 94 47 00 	jmp	0x8e	; 0x8e <__bad_interrupt>
      38:	0c 94 47 00 	jmp	0x8e	; 0x8e <__bad_interrupt>
      3c:	0c 94 47 00 	jmp	0x8e	; 0x8e <__bad_interrupt>
      40:	0c 94 47 00 	jmp	0x8e	; 0x8e <__bad_interrupt>
      44:	0c 94 47 00 	jmp	0x8e	; 0x8e <__bad_interrupt>
      48:	0c 94 47 00 	jmp	0x8e	; 0x8e <__bad_interrupt>
      4c:	0c 94 47 00 	jmp	0x8e	; 0x8e <__bad_interrupt>
      50:	0c 94 47 00 	jmp	0x8e	; 0x8e <__bad_interrupt>

00000054 <__ctors_end>:
      54:	11 24       	eor	r1, r1
      56:	1f be       	out	0x3f, r1	; 63
      58:	cf e5       	ldi	r28, 0x5F	; 95
      5a:	d8 e0       	ldi	r29, 0x08	; 8
      5c:	de bf       	out	0x3e, r29	; 62
      5e:	cd bf       	out	0x3d, r28	; 61

00000060 <__do_copy_data>:
      60:	10 e0       	ldi	r17, 0x00	; 0
      62:	a0 e6       	ldi	r26, 0x60	; 96
      64:	b0 e0       	ldi	r27, 0x00	; 0
      66:	ee ed       	ldi	r30, 0xDE	; 222
      68:	fb e2       	ldi	r31, 0x2B	; 43
      6a:	02 c0       	rjmp	.+4      	; 0x70 <.do_copy_data_start>

0000006c <.do_copy_data_loop>:
      6c:	05 90       	lpm	r0, Z+
      6e:	0d 92       	st	X+, r0

00000070 <.do_copy_data_start>:
      70:	a6 3d       	cpi	r26, 0xD6	; 214
      72:	b1 07       	cpc	r27, r17
      74:	d9 f7       	brne	.-10     	; 0x6c <.do_copy_data_loop>

00000076 <__do_clear_bss>:
      76:	10 e0       	ldi	r17, 0x00	; 0
      78:	a6 ed       	ldi	r26, 0xD6	; 214
      7a:	b0 e0       	ldi	r27, 0x00	; 0
      7c:	01 c0       	rjmp	.+2      	; 0x80 <.do_clear_bss_start>

0000007e <.do_clear_bss_loop>:
      7e:	1d 92       	st	X+, r1

00000080 <.do_clear_bss_start>:
      80:	ab 3d       	cpi	r26, 0xDB	; 219
      82:	b1 07       	cpc	r27, r17
      84:	e1 f7       	brne	.-8      	; 0x7e <.do_clear_bss_loop>
      86:	0e 94 e0 14 	call	0x29c0	; 0x29c0 <main>
      8a:	0c 94 ed 15 	jmp	0x2bda	; 0x2bda <_exit>

0000008e <__bad_interrupt>:
      8e:	0c 94 00 00 	jmp	0	; 0x0 <__vectors>

00000092 <__fixunssfsi>:
      92:	ef 92       	push	r14
      94:	ff 92       	push	r15
      96:	0f 93       	push	r16
      98:	1f 93       	push	r17
      9a:	7b 01       	movw	r14, r22
      9c:	8c 01       	movw	r16, r24
      9e:	20 e0       	ldi	r18, 0x00	; 0
      a0:	30 e0       	ldi	r19, 0x00	; 0
      a2:	40 e0       	ldi	r20, 0x00	; 0
      a4:	5f e4       	ldi	r21, 0x4F	; 79
      a6:	0e 94 f5 03 	call	0x7ea	; 0x7ea <__gesf2>
      aa:	88 23       	and	r24, r24
      ac:	8c f0       	brlt	.+34     	; 0xd0 <__fixunssfsi+0x3e>
      ae:	c8 01       	movw	r24, r16
      b0:	b7 01       	movw	r22, r14
      b2:	20 e0       	ldi	r18, 0x00	; 0
      b4:	30 e0       	ldi	r19, 0x00	; 0
      b6:	40 e0       	ldi	r20, 0x00	; 0
      b8:	5f e4       	ldi	r21, 0x4F	; 79
      ba:	0e 94 c1 01 	call	0x382	; 0x382 <__subsf3>
      be:	0e 94 55 04 	call	0x8aa	; 0x8aa <__fixsfsi>
      c2:	9b 01       	movw	r18, r22
      c4:	ac 01       	movw	r20, r24
      c6:	20 50       	subi	r18, 0x00	; 0
      c8:	30 40       	sbci	r19, 0x00	; 0
      ca:	40 40       	sbci	r20, 0x00	; 0
      cc:	50 48       	sbci	r21, 0x80	; 128
      ce:	06 c0       	rjmp	.+12     	; 0xdc <__fixunssfsi+0x4a>
      d0:	c8 01       	movw	r24, r16
      d2:	b7 01       	movw	r22, r14
      d4:	0e 94 55 04 	call	0x8aa	; 0x8aa <__fixsfsi>
      d8:	9b 01       	movw	r18, r22
      da:	ac 01       	movw	r20, r24
      dc:	b9 01       	movw	r22, r18
      de:	ca 01       	movw	r24, r20
      e0:	1f 91       	pop	r17
      e2:	0f 91       	pop	r16
      e4:	ff 90       	pop	r15
      e6:	ef 90       	pop	r14
      e8:	08 95       	ret

000000ea <_fpadd_parts>:
      ea:	a0 e0       	ldi	r26, 0x00	; 0
      ec:	b0 e0       	ldi	r27, 0x00	; 0
      ee:	eb e7       	ldi	r30, 0x7B	; 123
      f0:	f0 e0       	ldi	r31, 0x00	; 0
      f2:	0c 94 b6 15 	jmp	0x2b6c	; 0x2b6c <__prologue_saves__>
      f6:	dc 01       	movw	r26, r24
      f8:	2b 01       	movw	r4, r22
      fa:	fa 01       	movw	r30, r20
      fc:	9c 91       	ld	r25, X
      fe:	92 30       	cpi	r25, 0x02	; 2
     100:	08 f4       	brcc	.+2      	; 0x104 <_fpadd_parts+0x1a>
     102:	39 c1       	rjmp	.+626    	; 0x376 <_fpadd_parts+0x28c>
     104:	eb 01       	movw	r28, r22
     106:	88 81       	ld	r24, Y
     108:	82 30       	cpi	r24, 0x02	; 2
     10a:	08 f4       	brcc	.+2      	; 0x10e <_fpadd_parts+0x24>
     10c:	33 c1       	rjmp	.+614    	; 0x374 <_fpadd_parts+0x28a>
     10e:	94 30       	cpi	r25, 0x04	; 4
     110:	69 f4       	brne	.+26     	; 0x12c <_fpadd_parts+0x42>
     112:	84 30       	cpi	r24, 0x04	; 4
     114:	09 f0       	breq	.+2      	; 0x118 <_fpadd_parts+0x2e>
     116:	2f c1       	rjmp	.+606    	; 0x376 <_fpadd_parts+0x28c>
     118:	11 96       	adiw	r26, 0x01	; 1
     11a:	9c 91       	ld	r25, X
     11c:	11 97       	sbiw	r26, 0x01	; 1
     11e:	89 81       	ldd	r24, Y+1	; 0x01
     120:	98 17       	cp	r25, r24
     122:	09 f4       	brne	.+2      	; 0x126 <_fpadd_parts+0x3c>
     124:	28 c1       	rjmp	.+592    	; 0x376 <_fpadd_parts+0x28c>
     126:	ad eb       	ldi	r26, 0xBD	; 189
     128:	b0 e0       	ldi	r27, 0x00	; 0
     12a:	25 c1       	rjmp	.+586    	; 0x376 <_fpadd_parts+0x28c>
     12c:	84 30       	cpi	r24, 0x04	; 4
     12e:	09 f4       	brne	.+2      	; 0x132 <_fpadd_parts+0x48>
     130:	21 c1       	rjmp	.+578    	; 0x374 <_fpadd_parts+0x28a>
     132:	82 30       	cpi	r24, 0x02	; 2
     134:	a9 f4       	brne	.+42     	; 0x160 <_fpadd_parts+0x76>
     136:	92 30       	cpi	r25, 0x02	; 2
     138:	09 f0       	breq	.+2      	; 0x13c <_fpadd_parts+0x52>
     13a:	1d c1       	rjmp	.+570    	; 0x376 <_fpadd_parts+0x28c>
     13c:	9a 01       	movw	r18, r20
     13e:	ad 01       	movw	r20, r26
     140:	88 e0       	ldi	r24, 0x08	; 8
     142:	ea 01       	movw	r28, r20
     144:	09 90       	ld	r0, Y+
     146:	ae 01       	movw	r20, r28
     148:	e9 01       	movw	r28, r18
     14a:	09 92       	st	Y+, r0
     14c:	9e 01       	movw	r18, r28
     14e:	81 50       	subi	r24, 0x01	; 1
     150:	c1 f7       	brne	.-16     	; 0x142 <_fpadd_parts+0x58>
     152:	e2 01       	movw	r28, r4
     154:	89 81       	ldd	r24, Y+1	; 0x01
     156:	11 96       	adiw	r26, 0x01	; 1
     158:	9c 91       	ld	r25, X
     15a:	89 23       	and	r24, r25
     15c:	81 83       	std	Z+1, r24	; 0x01
     15e:	08 c1       	rjmp	.+528    	; 0x370 <_fpadd_parts+0x286>
     160:	92 30       	cpi	r25, 0x02	; 2
     162:	09 f4       	brne	.+2      	; 0x166 <_fpadd_parts+0x7c>
     164:	07 c1       	rjmp	.+526    	; 0x374 <_fpadd_parts+0x28a>
     166:	12 96       	adiw	r26, 0x02	; 2
     168:	2d 90       	ld	r2, X+
     16a:	3c 90       	ld	r3, X
     16c:	13 97       	sbiw	r26, 0x03	; 3
     16e:	eb 01       	movw	r28, r22
     170:	8a 81       	ldd	r24, Y+2	; 0x02
     172:	9b 81       	ldd	r25, Y+3	; 0x03
     174:	14 96       	adiw	r26, 0x04	; 4
     176:	ad 90       	ld	r10, X+
     178:	bd 90       	ld	r11, X+
     17a:	cd 90       	ld	r12, X+
     17c:	dc 90       	ld	r13, X
     17e:	17 97       	sbiw	r26, 0x07	; 7
     180:	ec 80       	ldd	r14, Y+4	; 0x04
     182:	fd 80       	ldd	r15, Y+5	; 0x05
     184:	0e 81       	ldd	r16, Y+6	; 0x06
     186:	1f 81       	ldd	r17, Y+7	; 0x07
     188:	91 01       	movw	r18, r2
     18a:	28 1b       	sub	r18, r24
     18c:	39 0b       	sbc	r19, r25
     18e:	b9 01       	movw	r22, r18
     190:	37 ff       	sbrs	r19, 7
     192:	04 c0       	rjmp	.+8      	; 0x19c <_fpadd_parts+0xb2>
     194:	66 27       	eor	r22, r22
     196:	77 27       	eor	r23, r23
     198:	62 1b       	sub	r22, r18
     19a:	73 0b       	sbc	r23, r19
     19c:	60 32       	cpi	r22, 0x20	; 32
     19e:	71 05       	cpc	r23, r1
     1a0:	0c f0       	brlt	.+2      	; 0x1a4 <_fpadd_parts+0xba>
     1a2:	61 c0       	rjmp	.+194    	; 0x266 <_fpadd_parts+0x17c>
     1a4:	12 16       	cp	r1, r18
     1a6:	13 06       	cpc	r1, r19
     1a8:	6c f5       	brge	.+90     	; 0x204 <_fpadd_parts+0x11a>
     1aa:	37 01       	movw	r6, r14
     1ac:	48 01       	movw	r8, r16
     1ae:	06 2e       	mov	r0, r22
     1b0:	04 c0       	rjmp	.+8      	; 0x1ba <_fpadd_parts+0xd0>
     1b2:	96 94       	lsr	r9
     1b4:	87 94       	ror	r8
     1b6:	77 94       	ror	r7
     1b8:	67 94       	ror	r6
     1ba:	0a 94       	dec	r0
     1bc:	d2 f7       	brpl	.-12     	; 0x1b2 <_fpadd_parts+0xc8>
     1be:	21 e0       	ldi	r18, 0x01	; 1
     1c0:	30 e0       	ldi	r19, 0x00	; 0
     1c2:	40 e0       	ldi	r20, 0x00	; 0
     1c4:	50 e0       	ldi	r21, 0x00	; 0
     1c6:	04 c0       	rjmp	.+8      	; 0x1d0 <_fpadd_parts+0xe6>
     1c8:	22 0f       	add	r18, r18
     1ca:	33 1f       	adc	r19, r19
     1cc:	44 1f       	adc	r20, r20
     1ce:	55 1f       	adc	r21, r21
     1d0:	6a 95       	dec	r22
     1d2:	d2 f7       	brpl	.-12     	; 0x1c8 <_fpadd_parts+0xde>
     1d4:	21 50       	subi	r18, 0x01	; 1
     1d6:	30 40       	sbci	r19, 0x00	; 0
     1d8:	40 40       	sbci	r20, 0x00	; 0
     1da:	50 40       	sbci	r21, 0x00	; 0
     1dc:	2e 21       	and	r18, r14
     1de:	3f 21       	and	r19, r15
     1e0:	40 23       	and	r20, r16
     1e2:	51 23       	and	r21, r17
     1e4:	21 15       	cp	r18, r1
     1e6:	31 05       	cpc	r19, r1
     1e8:	41 05       	cpc	r20, r1
     1ea:	51 05       	cpc	r21, r1
     1ec:	21 f0       	breq	.+8      	; 0x1f6 <_fpadd_parts+0x10c>
     1ee:	21 e0       	ldi	r18, 0x01	; 1
     1f0:	30 e0       	ldi	r19, 0x00	; 0
     1f2:	40 e0       	ldi	r20, 0x00	; 0
     1f4:	50 e0       	ldi	r21, 0x00	; 0
     1f6:	79 01       	movw	r14, r18
     1f8:	8a 01       	movw	r16, r20
     1fa:	e6 28       	or	r14, r6
     1fc:	f7 28       	or	r15, r7
     1fe:	08 29       	or	r16, r8
     200:	19 29       	or	r17, r9
     202:	3c c0       	rjmp	.+120    	; 0x27c <_fpadd_parts+0x192>
     204:	23 2b       	or	r18, r19
     206:	d1 f1       	breq	.+116    	; 0x27c <_fpadd_parts+0x192>
     208:	26 0e       	add	r2, r22
     20a:	37 1e       	adc	r3, r23
     20c:	35 01       	movw	r6, r10
     20e:	46 01       	movw	r8, r12
     210:	06 2e       	mov	r0, r22
     212:	04 c0       	rjmp	.+8      	; 0x21c <_fpadd_parts+0x132>
     214:	96 94       	lsr	r9
     216:	87 94       	ror	r8
     218:	77 94       	ror	r7
     21a:	67 94       	ror	r6
     21c:	0a 94       	dec	r0
     21e:	d2 f7       	brpl	.-12     	; 0x214 <_fpadd_parts+0x12a>
     220:	21 e0       	ldi	r18, 0x01	; 1
     222:	30 e0       	ldi	r19, 0x00	; 0
     224:	40 e0       	ldi	r20, 0x00	; 0
     226:	50 e0       	ldi	r21, 0x00	; 0
     228:	04 c0       	rjmp	.+8      	; 0x232 <_fpadd_parts+0x148>
     22a:	22 0f       	add	r18, r18
     22c:	33 1f       	adc	r19, r19
     22e:	44 1f       	adc	r20, r20
     230:	55 1f       	adc	r21, r21
     232:	6a 95       	dec	r22
     234:	d2 f7       	brpl	.-12     	; 0x22a <_fpadd_parts+0x140>
     236:	21 50       	subi	r18, 0x01	; 1
     238:	30 40       	sbci	r19, 0x00	; 0
     23a:	40 40       	sbci	r20, 0x00	; 0
     23c:	50 40       	sbci	r21, 0x00	; 0
     23e:	2a 21       	and	r18, r10
     240:	3b 21       	and	r19, r11
     242:	4c 21       	and	r20, r12
     244:	5d 21       	and	r21, r13
     246:	21 15       	cp	r18, r1
     248:	31 05       	cpc	r19, r1
     24a:	41 05       	cpc	r20, r1
     24c:	51 05       	cpc	r21, r1
     24e:	21 f0       	breq	.+8      	; 0x258 <_fpadd_parts+0x16e>
     250:	21 e0       	ldi	r18, 0x01	; 1
     252:	30 e0       	ldi	r19, 0x00	; 0
     254:	40 e0       	ldi	r20, 0x00	; 0
     256:	50 e0       	ldi	r21, 0x00	; 0
     258:	59 01       	movw	r10, r18
     25a:	6a 01       	movw	r12, r20
     25c:	a6 28       	or	r10, r6
     25e:	b7 28       	or	r11, r7
     260:	c8 28       	or	r12, r8
     262:	d9 28       	or	r13, r9
     264:	0b c0       	rjmp	.+22     	; 0x27c <_fpadd_parts+0x192>
     266:	82 15       	cp	r24, r2
     268:	93 05       	cpc	r25, r3
     26a:	2c f0       	brlt	.+10     	; 0x276 <_fpadd_parts+0x18c>
     26c:	1c 01       	movw	r2, r24
     26e:	aa 24       	eor	r10, r10
     270:	bb 24       	eor	r11, r11
     272:	65 01       	movw	r12, r10
     274:	03 c0       	rjmp	.+6      	; 0x27c <_fpadd_parts+0x192>
     276:	ee 24       	eor	r14, r14
     278:	ff 24       	eor	r15, r15
     27a:	87 01       	movw	r16, r14
     27c:	11 96       	adiw	r26, 0x01	; 1
     27e:	9c 91       	ld	r25, X
     280:	d2 01       	movw	r26, r4
     282:	11 96       	adiw	r26, 0x01	; 1
     284:	8c 91       	ld	r24, X
     286:	98 17       	cp	r25, r24
     288:	09 f4       	brne	.+2      	; 0x28c <_fpadd_parts+0x1a2>
     28a:	45 c0       	rjmp	.+138    	; 0x316 <_fpadd_parts+0x22c>
     28c:	99 23       	and	r25, r25
     28e:	39 f0       	breq	.+14     	; 0x29e <_fpadd_parts+0x1b4>
     290:	a8 01       	movw	r20, r16
     292:	97 01       	movw	r18, r14
     294:	2a 19       	sub	r18, r10
     296:	3b 09       	sbc	r19, r11
     298:	4c 09       	sbc	r20, r12
     29a:	5d 09       	sbc	r21, r13
     29c:	06 c0       	rjmp	.+12     	; 0x2aa <_fpadd_parts+0x1c0>
     29e:	a6 01       	movw	r20, r12
     2a0:	95 01       	movw	r18, r10
     2a2:	2e 19       	sub	r18, r14
     2a4:	3f 09       	sbc	r19, r15
     2a6:	40 0b       	sbc	r20, r16
     2a8:	51 0b       	sbc	r21, r17
     2aa:	57 fd       	sbrc	r21, 7
     2ac:	08 c0       	rjmp	.+16     	; 0x2be <_fpadd_parts+0x1d4>
     2ae:	11 82       	std	Z+1, r1	; 0x01
     2b0:	33 82       	std	Z+3, r3	; 0x03
     2b2:	22 82       	std	Z+2, r2	; 0x02
     2b4:	24 83       	std	Z+4, r18	; 0x04
     2b6:	35 83       	std	Z+5, r19	; 0x05
     2b8:	46 83       	std	Z+6, r20	; 0x06
     2ba:	57 83       	std	Z+7, r21	; 0x07
     2bc:	1d c0       	rjmp	.+58     	; 0x2f8 <_fpadd_parts+0x20e>
     2be:	81 e0       	ldi	r24, 0x01	; 1
     2c0:	81 83       	std	Z+1, r24	; 0x01
     2c2:	33 82       	std	Z+3, r3	; 0x03
     2c4:	22 82       	std	Z+2, r2	; 0x02
     2c6:	88 27       	eor	r24, r24
     2c8:	99 27       	eor	r25, r25
     2ca:	dc 01       	movw	r26, r24
     2cc:	82 1b       	sub	r24, r18
     2ce:	93 0b       	sbc	r25, r19
     2d0:	a4 0b       	sbc	r26, r20
     2d2:	b5 0b       	sbc	r27, r21
     2d4:	84 83       	std	Z+4, r24	; 0x04
     2d6:	95 83       	std	Z+5, r25	; 0x05
     2d8:	a6 83       	std	Z+6, r26	; 0x06
     2da:	b7 83       	std	Z+7, r27	; 0x07
     2dc:	0d c0       	rjmp	.+26     	; 0x2f8 <_fpadd_parts+0x20e>
     2de:	22 0f       	add	r18, r18
     2e0:	33 1f       	adc	r19, r19
     2e2:	44 1f       	adc	r20, r20
     2e4:	55 1f       	adc	r21, r21
     2e6:	24 83       	std	Z+4, r18	; 0x04
     2e8:	35 83       	std	Z+5, r19	; 0x05
     2ea:	46 83       	std	Z+6, r20	; 0x06
     2ec:	57 83       	std	Z+7, r21	; 0x07
     2ee:	82 81       	ldd	r24, Z+2	; 0x02
     2f0:	93 81       	ldd	r25, Z+3	; 0x03
     2f2:	01 97       	sbiw	r24, 0x01	; 1
     2f4:	93 83       	std	Z+3, r25	; 0x03
     2f6:	82 83       	std	Z+2, r24	; 0x02
     2f8:	24 81       	ldd	r18, Z+4	; 0x04
     2fa:	35 81       	ldd	r19, Z+5	; 0x05
     2fc:	46 81       	ldd	r20, Z+6	; 0x06
     2fe:	57 81       	ldd	r21, Z+7	; 0x07
     300:	da 01       	movw	r26, r20
     302:	c9 01       	movw	r24, r18
     304:	01 97       	sbiw	r24, 0x01	; 1
     306:	a1 09       	sbc	r26, r1
     308:	b1 09       	sbc	r27, r1
     30a:	8f 5f       	subi	r24, 0xFF	; 255
     30c:	9f 4f       	sbci	r25, 0xFF	; 255
     30e:	af 4f       	sbci	r26, 0xFF	; 255
     310:	bf 43       	sbci	r27, 0x3F	; 63
     312:	28 f3       	brcs	.-54     	; 0x2de <_fpadd_parts+0x1f4>
     314:	0b c0       	rjmp	.+22     	; 0x32c <_fpadd_parts+0x242>
     316:	91 83       	std	Z+1, r25	; 0x01
     318:	33 82       	std	Z+3, r3	; 0x03
     31a:	22 82       	std	Z+2, r2	; 0x02
     31c:	ea 0c       	add	r14, r10
     31e:	fb 1c       	adc	r15, r11
     320:	0c 1d       	adc	r16, r12
     322:	1d 1d       	adc	r17, r13
     324:	e4 82       	std	Z+4, r14	; 0x04
     326:	f5 82       	std	Z+5, r15	; 0x05
     328:	06 83       	std	Z+6, r16	; 0x06
     32a:	17 83       	std	Z+7, r17	; 0x07
     32c:	83 e0       	ldi	r24, 0x03	; 3
     32e:	80 83       	st	Z, r24
     330:	24 81       	ldd	r18, Z+4	; 0x04
     332:	35 81       	ldd	r19, Z+5	; 0x05
     334:	46 81       	ldd	r20, Z+6	; 0x06
     336:	57 81       	ldd	r21, Z+7	; 0x07
     338:	57 ff       	sbrs	r21, 7
     33a:	1a c0       	rjmp	.+52     	; 0x370 <_fpadd_parts+0x286>
     33c:	c9 01       	movw	r24, r18
     33e:	aa 27       	eor	r26, r26
     340:	97 fd       	sbrc	r25, 7
     342:	a0 95       	com	r26
     344:	ba 2f       	mov	r27, r26
     346:	81 70       	andi	r24, 0x01	; 1
     348:	90 70       	andi	r25, 0x00	; 0
     34a:	a0 70       	andi	r26, 0x00	; 0
     34c:	b0 70       	andi	r27, 0x00	; 0
     34e:	56 95       	lsr	r21
     350:	47 95       	ror	r20
     352:	37 95       	ror	r19
     354:	27 95       	ror	r18
     356:	82 2b       	or	r24, r18
     358:	93 2b       	or	r25, r19
     35a:	a4 2b       	or	r26, r20
     35c:	b5 2b       	or	r27, r21
     35e:	84 83       	std	Z+4, r24	; 0x04
     360:	95 83       	std	Z+5, r25	; 0x05
     362:	a6 83       	std	Z+6, r26	; 0x06
     364:	b7 83       	std	Z+7, r27	; 0x07
     366:	82 81       	ldd	r24, Z+2	; 0x02
     368:	93 81       	ldd	r25, Z+3	; 0x03
     36a:	01 96       	adiw	r24, 0x01	; 1
     36c:	93 83       	std	Z+3, r25	; 0x03
     36e:	82 83       	std	Z+2, r24	; 0x02
     370:	df 01       	movw	r26, r30
     372:	01 c0       	rjmp	.+2      	; 0x376 <_fpadd_parts+0x28c>
     374:	d2 01       	movw	r26, r4
     376:	cd 01       	movw	r24, r26
     378:	cd b7       	in	r28, 0x3d	; 61
     37a:	de b7       	in	r29, 0x3e	; 62
     37c:	e2 e1       	ldi	r30, 0x12	; 18
     37e:	0c 94 d2 15 	jmp	0x2ba4	; 0x2ba4 <__epilogue_restores__>

00000382 <__subsf3>:
     382:	a0 e2       	ldi	r26, 0x20	; 32
     384:	b0 e0       	ldi	r27, 0x00	; 0
     386:	e7 ec       	ldi	r30, 0xC7	; 199
     388:	f1 e0       	ldi	r31, 0x01	; 1
     38a:	0c 94 c2 15 	jmp	0x2b84	; 0x2b84 <__prologue_saves__+0x18>
     38e:	69 83       	std	Y+1, r22	; 0x01
     390:	7a 83       	std	Y+2, r23	; 0x02
     392:	8b 83       	std	Y+3, r24	; 0x03
     394:	9c 83       	std	Y+4, r25	; 0x04
     396:	2d 83       	std	Y+5, r18	; 0x05
     398:	3e 83       	std	Y+6, r19	; 0x06
     39a:	4f 83       	std	Y+7, r20	; 0x07
     39c:	58 87       	std	Y+8, r21	; 0x08
     39e:	e9 e0       	ldi	r30, 0x09	; 9
     3a0:	ee 2e       	mov	r14, r30
     3a2:	f1 2c       	mov	r15, r1
     3a4:	ec 0e       	add	r14, r28
     3a6:	fd 1e       	adc	r15, r29
     3a8:	ce 01       	movw	r24, r28
     3aa:	01 96       	adiw	r24, 0x01	; 1
     3ac:	b7 01       	movw	r22, r14
     3ae:	0e 94 7e 05 	call	0xafc	; 0xafc <__unpack_f>
     3b2:	8e 01       	movw	r16, r28
     3b4:	0f 5e       	subi	r16, 0xEF	; 239
     3b6:	1f 4f       	sbci	r17, 0xFF	; 255
     3b8:	ce 01       	movw	r24, r28
     3ba:	05 96       	adiw	r24, 0x05	; 5
     3bc:	b8 01       	movw	r22, r16
     3be:	0e 94 7e 05 	call	0xafc	; 0xafc <__unpack_f>
     3c2:	8a 89       	ldd	r24, Y+18	; 0x12
     3c4:	91 e0       	ldi	r25, 0x01	; 1
     3c6:	89 27       	eor	r24, r25
     3c8:	8a 8b       	std	Y+18, r24	; 0x12
     3ca:	c7 01       	movw	r24, r14
     3cc:	b8 01       	movw	r22, r16
     3ce:	ae 01       	movw	r20, r28
     3d0:	47 5e       	subi	r20, 0xE7	; 231
     3d2:	5f 4f       	sbci	r21, 0xFF	; 255
     3d4:	0e 94 75 00 	call	0xea	; 0xea <_fpadd_parts>
     3d8:	0e 94 a9 04 	call	0x952	; 0x952 <__pack_f>
     3dc:	a0 96       	adiw	r28, 0x20	; 32
     3de:	e6 e0       	ldi	r30, 0x06	; 6
     3e0:	0c 94 de 15 	jmp	0x2bbc	; 0x2bbc <__epilogue_restores__+0x18>

000003e4 <__addsf3>:
     3e4:	a0 e2       	ldi	r26, 0x20	; 32
     3e6:	b0 e0       	ldi	r27, 0x00	; 0
     3e8:	e8 ef       	ldi	r30, 0xF8	; 248
     3ea:	f1 e0       	ldi	r31, 0x01	; 1
     3ec:	0c 94 c2 15 	jmp	0x2b84	; 0x2b84 <__prologue_saves__+0x18>
     3f0:	69 83       	std	Y+1, r22	; 0x01
     3f2:	7a 83       	std	Y+2, r23	; 0x02
     3f4:	8b 83       	std	Y+3, r24	; 0x03
     3f6:	9c 83       	std	Y+4, r25	; 0x04
     3f8:	2d 83       	std	Y+5, r18	; 0x05
     3fa:	3e 83       	std	Y+6, r19	; 0x06
     3fc:	4f 83       	std	Y+7, r20	; 0x07
     3fe:	58 87       	std	Y+8, r21	; 0x08
     400:	f9 e0       	ldi	r31, 0x09	; 9
     402:	ef 2e       	mov	r14, r31
     404:	f1 2c       	mov	r15, r1
     406:	ec 0e       	add	r14, r28
     408:	fd 1e       	adc	r15, r29
     40a:	ce 01       	movw	r24, r28
     40c:	01 96       	adiw	r24, 0x01	; 1
     40e:	b7 01       	movw	r22, r14
     410:	0e 94 7e 05 	call	0xafc	; 0xafc <__unpack_f>
     414:	8e 01       	movw	r16, r28
     416:	0f 5e       	subi	r16, 0xEF	; 239
     418:	1f 4f       	sbci	r17, 0xFF	; 255
     41a:	ce 01       	movw	r24, r28
     41c:	05 96       	adiw	r24, 0x05	; 5
     41e:	b8 01       	movw	r22, r16
     420:	0e 94 7e 05 	call	0xafc	; 0xafc <__unpack_f>
     424:	c7 01       	movw	r24, r14
     426:	b8 01       	movw	r22, r16
     428:	ae 01       	movw	r20, r28
     42a:	47 5e       	subi	r20, 0xE7	; 231
     42c:	5f 4f       	sbci	r21, 0xFF	; 255
     42e:	0e 94 75 00 	call	0xea	; 0xea <_fpadd_parts>
     432:	0e 94 a9 04 	call	0x952	; 0x952 <__pack_f>
     436:	a0 96       	adiw	r28, 0x20	; 32
     438:	e6 e0       	ldi	r30, 0x06	; 6
     43a:	0c 94 de 15 	jmp	0x2bbc	; 0x2bbc <__epilogue_restores__+0x18>

0000043e <__mulsf3>:
     43e:	a0 e2       	ldi	r26, 0x20	; 32
     440:	b0 e0       	ldi	r27, 0x00	; 0
     442:	e5 e2       	ldi	r30, 0x25	; 37
     444:	f2 e0       	ldi	r31, 0x02	; 2
     446:	0c 94 b6 15 	jmp	0x2b6c	; 0x2b6c <__prologue_saves__>
     44a:	69 83       	std	Y+1, r22	; 0x01
     44c:	7a 83       	std	Y+2, r23	; 0x02
     44e:	8b 83       	std	Y+3, r24	; 0x03
     450:	9c 83       	std	Y+4, r25	; 0x04
     452:	2d 83       	std	Y+5, r18	; 0x05
     454:	3e 83       	std	Y+6, r19	; 0x06
     456:	4f 83       	std	Y+7, r20	; 0x07
     458:	58 87       	std	Y+8, r21	; 0x08
     45a:	ce 01       	movw	r24, r28
     45c:	01 96       	adiw	r24, 0x01	; 1
     45e:	be 01       	movw	r22, r28
     460:	67 5f       	subi	r22, 0xF7	; 247
     462:	7f 4f       	sbci	r23, 0xFF	; 255
     464:	0e 94 7e 05 	call	0xafc	; 0xafc <__unpack_f>
     468:	ce 01       	movw	r24, r28
     46a:	05 96       	adiw	r24, 0x05	; 5
     46c:	be 01       	movw	r22, r28
     46e:	6f 5e       	subi	r22, 0xEF	; 239
     470:	7f 4f       	sbci	r23, 0xFF	; 255
     472:	0e 94 7e 05 	call	0xafc	; 0xafc <__unpack_f>
     476:	99 85       	ldd	r25, Y+9	; 0x09
     478:	92 30       	cpi	r25, 0x02	; 2
     47a:	88 f0       	brcs	.+34     	; 0x49e <__mulsf3+0x60>
     47c:	89 89       	ldd	r24, Y+17	; 0x11
     47e:	82 30       	cpi	r24, 0x02	; 2
     480:	c8 f0       	brcs	.+50     	; 0x4b4 <__mulsf3+0x76>
     482:	94 30       	cpi	r25, 0x04	; 4
     484:	19 f4       	brne	.+6      	; 0x48c <__mulsf3+0x4e>
     486:	82 30       	cpi	r24, 0x02	; 2
     488:	51 f4       	brne	.+20     	; 0x49e <__mulsf3+0x60>
     48a:	04 c0       	rjmp	.+8      	; 0x494 <__mulsf3+0x56>
     48c:	84 30       	cpi	r24, 0x04	; 4
     48e:	29 f4       	brne	.+10     	; 0x49a <__mulsf3+0x5c>
     490:	92 30       	cpi	r25, 0x02	; 2
     492:	81 f4       	brne	.+32     	; 0x4b4 <__mulsf3+0x76>
     494:	8d eb       	ldi	r24, 0xBD	; 189
     496:	90 e0       	ldi	r25, 0x00	; 0
     498:	c6 c0       	rjmp	.+396    	; 0x626 <__mulsf3+0x1e8>
     49a:	92 30       	cpi	r25, 0x02	; 2
     49c:	49 f4       	brne	.+18     	; 0x4b0 <__mulsf3+0x72>
     49e:	20 e0       	ldi	r18, 0x00	; 0
     4a0:	9a 85       	ldd	r25, Y+10	; 0x0a
     4a2:	8a 89       	ldd	r24, Y+18	; 0x12
     4a4:	98 13       	cpse	r25, r24
     4a6:	21 e0       	ldi	r18, 0x01	; 1
     4a8:	2a 87       	std	Y+10, r18	; 0x0a
     4aa:	ce 01       	movw	r24, r28
     4ac:	09 96       	adiw	r24, 0x09	; 9
     4ae:	bb c0       	rjmp	.+374    	; 0x626 <__mulsf3+0x1e8>
     4b0:	82 30       	cpi	r24, 0x02	; 2
     4b2:	49 f4       	brne	.+18     	; 0x4c6 <__mulsf3+0x88>
     4b4:	20 e0       	ldi	r18, 0x00	; 0
     4b6:	9a 85       	ldd	r25, Y+10	; 0x0a
     4b8:	8a 89       	ldd	r24, Y+18	; 0x12
     4ba:	98 13       	cpse	r25, r24
     4bc:	21 e0       	ldi	r18, 0x01	; 1
     4be:	2a 8b       	std	Y+18, r18	; 0x12
     4c0:	ce 01       	movw	r24, r28
     4c2:	41 96       	adiw	r24, 0x11	; 17
     4c4:	b0 c0       	rjmp	.+352    	; 0x626 <__mulsf3+0x1e8>
     4c6:	2d 84       	ldd	r2, Y+13	; 0x0d
     4c8:	3e 84       	ldd	r3, Y+14	; 0x0e
     4ca:	4f 84       	ldd	r4, Y+15	; 0x0f
     4cc:	58 88       	ldd	r5, Y+16	; 0x10
     4ce:	6d 88       	ldd	r6, Y+21	; 0x15
     4d0:	7e 88       	ldd	r7, Y+22	; 0x16
     4d2:	8f 88       	ldd	r8, Y+23	; 0x17
     4d4:	98 8c       	ldd	r9, Y+24	; 0x18
     4d6:	ee 24       	eor	r14, r14
     4d8:	ff 24       	eor	r15, r15
     4da:	87 01       	movw	r16, r14
     4dc:	aa 24       	eor	r10, r10
     4de:	bb 24       	eor	r11, r11
     4e0:	65 01       	movw	r12, r10
     4e2:	40 e0       	ldi	r20, 0x00	; 0
     4e4:	50 e0       	ldi	r21, 0x00	; 0
     4e6:	60 e0       	ldi	r22, 0x00	; 0
     4e8:	70 e0       	ldi	r23, 0x00	; 0
     4ea:	e0 e0       	ldi	r30, 0x00	; 0
     4ec:	f0 e0       	ldi	r31, 0x00	; 0
     4ee:	c1 01       	movw	r24, r2
     4f0:	81 70       	andi	r24, 0x01	; 1
     4f2:	90 70       	andi	r25, 0x00	; 0
     4f4:	89 2b       	or	r24, r25
     4f6:	e9 f0       	breq	.+58     	; 0x532 <__mulsf3+0xf4>
     4f8:	e6 0c       	add	r14, r6
     4fa:	f7 1c       	adc	r15, r7
     4fc:	08 1d       	adc	r16, r8
     4fe:	19 1d       	adc	r17, r9
     500:	9a 01       	movw	r18, r20
     502:	ab 01       	movw	r20, r22
     504:	2a 0d       	add	r18, r10
     506:	3b 1d       	adc	r19, r11
     508:	4c 1d       	adc	r20, r12
     50a:	5d 1d       	adc	r21, r13
     50c:	80 e0       	ldi	r24, 0x00	; 0
     50e:	90 e0       	ldi	r25, 0x00	; 0
     510:	a0 e0       	ldi	r26, 0x00	; 0
     512:	b0 e0       	ldi	r27, 0x00	; 0
     514:	e6 14       	cp	r14, r6
     516:	f7 04       	cpc	r15, r7
     518:	08 05       	cpc	r16, r8
     51a:	19 05       	cpc	r17, r9
     51c:	20 f4       	brcc	.+8      	; 0x526 <__mulsf3+0xe8>
     51e:	81 e0       	ldi	r24, 0x01	; 1
     520:	90 e0       	ldi	r25, 0x00	; 0
     522:	a0 e0       	ldi	r26, 0x00	; 0
     524:	b0 e0       	ldi	r27, 0x00	; 0
     526:	ba 01       	movw	r22, r20
     528:	a9 01       	movw	r20, r18
     52a:	48 0f       	add	r20, r24
     52c:	59 1f       	adc	r21, r25
     52e:	6a 1f       	adc	r22, r26
     530:	7b 1f       	adc	r23, r27
     532:	aa 0c       	add	r10, r10
     534:	bb 1c       	adc	r11, r11
     536:	cc 1c       	adc	r12, r12
     538:	dd 1c       	adc	r13, r13
     53a:	97 fe       	sbrs	r9, 7
     53c:	08 c0       	rjmp	.+16     	; 0x54e <__mulsf3+0x110>
     53e:	81 e0       	ldi	r24, 0x01	; 1
     540:	90 e0       	ldi	r25, 0x00	; 0
     542:	a0 e0       	ldi	r26, 0x00	; 0
     544:	b0 e0       	ldi	r27, 0x00	; 0
     546:	a8 2a       	or	r10, r24
     548:	b9 2a       	or	r11, r25
     54a:	ca 2a       	or	r12, r26
     54c:	db 2a       	or	r13, r27
     54e:	31 96       	adiw	r30, 0x01	; 1
     550:	e0 32       	cpi	r30, 0x20	; 32
     552:	f1 05       	cpc	r31, r1
     554:	49 f0       	breq	.+18     	; 0x568 <__mulsf3+0x12a>
     556:	66 0c       	add	r6, r6
     558:	77 1c       	adc	r7, r7
     55a:	88 1c       	adc	r8, r8
     55c:	99 1c       	adc	r9, r9
     55e:	56 94       	lsr	r5
     560:	47 94       	ror	r4
     562:	37 94       	ror	r3
     564:	27 94       	ror	r2
     566:	c3 cf       	rjmp	.-122    	; 0x4ee <__mulsf3+0xb0>
     568:	fa 85       	ldd	r31, Y+10	; 0x0a
     56a:	ea 89       	ldd	r30, Y+18	; 0x12
     56c:	2b 89       	ldd	r18, Y+19	; 0x13
     56e:	3c 89       	ldd	r19, Y+20	; 0x14
     570:	8b 85       	ldd	r24, Y+11	; 0x0b
     572:	9c 85       	ldd	r25, Y+12	; 0x0c
     574:	28 0f       	add	r18, r24
     576:	39 1f       	adc	r19, r25
     578:	2e 5f       	subi	r18, 0xFE	; 254
     57a:	3f 4f       	sbci	r19, 0xFF	; 255
     57c:	17 c0       	rjmp	.+46     	; 0x5ac <__mulsf3+0x16e>
     57e:	ca 01       	movw	r24, r20
     580:	81 70       	andi	r24, 0x01	; 1
     582:	90 70       	andi	r25, 0x00	; 0
     584:	89 2b       	or	r24, r25
     586:	61 f0       	breq	.+24     	; 0x5a0 <__mulsf3+0x162>
     588:	16 95       	lsr	r17
     58a:	07 95       	ror	r16
     58c:	f7 94       	ror	r15
     58e:	e7 94       	ror	r14
     590:	80 e0       	ldi	r24, 0x00	; 0
     592:	90 e0       	ldi	r25, 0x00	; 0
     594:	a0 e0       	ldi	r26, 0x00	; 0
     596:	b0 e8       	ldi	r27, 0x80	; 128
     598:	e8 2a       	or	r14, r24
     59a:	f9 2a       	or	r15, r25
     59c:	0a 2b       	or	r16, r26
     59e:	1b 2b       	or	r17, r27
     5a0:	76 95       	lsr	r23
     5a2:	67 95       	ror	r22
     5a4:	57 95       	ror	r21
     5a6:	47 95       	ror	r20
     5a8:	2f 5f       	subi	r18, 0xFF	; 255
     5aa:	3f 4f       	sbci	r19, 0xFF	; 255
     5ac:	77 fd       	sbrc	r23, 7
     5ae:	e7 cf       	rjmp	.-50     	; 0x57e <__mulsf3+0x140>
     5b0:	0c c0       	rjmp	.+24     	; 0x5ca <__mulsf3+0x18c>
     5b2:	44 0f       	add	r20, r20
     5b4:	55 1f       	adc	r21, r21
     5b6:	66 1f       	adc	r22, r22
     5b8:	77 1f       	adc	r23, r23
     5ba:	17 fd       	sbrc	r17, 7
     5bc:	41 60       	ori	r20, 0x01	; 1
     5be:	ee 0c       	add	r14, r14
     5c0:	ff 1c       	adc	r15, r15
     5c2:	00 1f       	adc	r16, r16
     5c4:	11 1f       	adc	r17, r17
     5c6:	21 50       	subi	r18, 0x01	; 1
     5c8:	30 40       	sbci	r19, 0x00	; 0
     5ca:	40 30       	cpi	r20, 0x00	; 0
     5cc:	90 e0       	ldi	r25, 0x00	; 0
     5ce:	59 07       	cpc	r21, r25
     5d0:	90 e0       	ldi	r25, 0x00	; 0
     5d2:	69 07       	cpc	r22, r25
     5d4:	90 e4       	ldi	r25, 0x40	; 64
     5d6:	79 07       	cpc	r23, r25
     5d8:	60 f3       	brcs	.-40     	; 0x5b2 <__mulsf3+0x174>
     5da:	2b 8f       	std	Y+27, r18	; 0x1b
     5dc:	3c 8f       	std	Y+28, r19	; 0x1c
     5de:	db 01       	movw	r26, r22
     5e0:	ca 01       	movw	r24, r20
     5e2:	8f 77       	andi	r24, 0x7F	; 127
     5e4:	90 70       	andi	r25, 0x00	; 0
     5e6:	a0 70       	andi	r26, 0x00	; 0
     5e8:	b0 70       	andi	r27, 0x00	; 0
     5ea:	80 34       	cpi	r24, 0x40	; 64
     5ec:	91 05       	cpc	r25, r1
     5ee:	a1 05       	cpc	r26, r1
     5f0:	b1 05       	cpc	r27, r1
     5f2:	61 f4       	brne	.+24     	; 0x60c <__mulsf3+0x1ce>
     5f4:	47 fd       	sbrc	r20, 7
     5f6:	0a c0       	rjmp	.+20     	; 0x60c <__mulsf3+0x1ce>
     5f8:	e1 14       	cp	r14, r1
     5fa:	f1 04       	cpc	r15, r1
     5fc:	01 05       	cpc	r16, r1
     5fe:	11 05       	cpc	r17, r1
     600:	29 f0       	breq	.+10     	; 0x60c <__mulsf3+0x1ce>
     602:	40 5c       	subi	r20, 0xC0	; 192
     604:	5f 4f       	sbci	r21, 0xFF	; 255
     606:	6f 4f       	sbci	r22, 0xFF	; 255
     608:	7f 4f       	sbci	r23, 0xFF	; 255
     60a:	40 78       	andi	r20, 0x80	; 128
     60c:	1a 8e       	std	Y+26, r1	; 0x1a
     60e:	fe 17       	cp	r31, r30
     610:	11 f0       	breq	.+4      	; 0x616 <__mulsf3+0x1d8>
     612:	81 e0       	ldi	r24, 0x01	; 1
     614:	8a 8f       	std	Y+26, r24	; 0x1a
     616:	4d 8f       	std	Y+29, r20	; 0x1d
     618:	5e 8f       	std	Y+30, r21	; 0x1e
     61a:	6f 8f       	std	Y+31, r22	; 0x1f
     61c:	78 a3       	std	Y+32, r23	; 0x20
     61e:	83 e0       	ldi	r24, 0x03	; 3
     620:	89 8f       	std	Y+25, r24	; 0x19
     622:	ce 01       	movw	r24, r28
     624:	49 96       	adiw	r24, 0x19	; 25
     626:	0e 94 a9 04 	call	0x952	; 0x952 <__pack_f>
     62a:	a0 96       	adiw	r28, 0x20	; 32
     62c:	e2 e1       	ldi	r30, 0x12	; 18
     62e:	0c 94 d2 15 	jmp	0x2ba4	; 0x2ba4 <__epilogue_restores__>

00000632 <__divsf3>:
     632:	a8 e1       	ldi	r26, 0x18	; 24
     634:	b0 e0       	ldi	r27, 0x00	; 0
     636:	ef e1       	ldi	r30, 0x1F	; 31
     638:	f3 e0       	ldi	r31, 0x03	; 3
     63a:	0c 94 be 15 	jmp	0x2b7c	; 0x2b7c <__prologue_saves__+0x10>
     63e:	69 83       	std	Y+1, r22	; 0x01
     640:	7a 83       	std	Y+2, r23	; 0x02
     642:	8b 83       	std	Y+3, r24	; 0x03
     644:	9c 83       	std	Y+4, r25	; 0x04
     646:	2d 83       	std	Y+5, r18	; 0x05
     648:	3e 83       	std	Y+6, r19	; 0x06
     64a:	4f 83       	std	Y+7, r20	; 0x07
     64c:	58 87       	std	Y+8, r21	; 0x08
     64e:	b9 e0       	ldi	r27, 0x09	; 9
     650:	eb 2e       	mov	r14, r27
     652:	f1 2c       	mov	r15, r1
     654:	ec 0e       	add	r14, r28
     656:	fd 1e       	adc	r15, r29
     658:	ce 01       	movw	r24, r28
     65a:	01 96       	adiw	r24, 0x01	; 1
     65c:	b7 01       	movw	r22, r14
     65e:	0e 94 7e 05 	call	0xafc	; 0xafc <__unpack_f>
     662:	8e 01       	movw	r16, r28
     664:	0f 5e       	subi	r16, 0xEF	; 239
     666:	1f 4f       	sbci	r17, 0xFF	; 255
     668:	ce 01       	movw	r24, r28
     66a:	05 96       	adiw	r24, 0x05	; 5
     66c:	b8 01       	movw	r22, r16
     66e:	0e 94 7e 05 	call	0xafc	; 0xafc <__unpack_f>
     672:	29 85       	ldd	r18, Y+9	; 0x09
     674:	22 30       	cpi	r18, 0x02	; 2
     676:	08 f4       	brcc	.+2      	; 0x67a <__divsf3+0x48>
     678:	7e c0       	rjmp	.+252    	; 0x776 <__divsf3+0x144>
     67a:	39 89       	ldd	r19, Y+17	; 0x11
     67c:	32 30       	cpi	r19, 0x02	; 2
     67e:	10 f4       	brcc	.+4      	; 0x684 <__divsf3+0x52>
     680:	b8 01       	movw	r22, r16
     682:	7c c0       	rjmp	.+248    	; 0x77c <__divsf3+0x14a>
     684:	8a 85       	ldd	r24, Y+10	; 0x0a
     686:	9a 89       	ldd	r25, Y+18	; 0x12
     688:	89 27       	eor	r24, r25
     68a:	8a 87       	std	Y+10, r24	; 0x0a
     68c:	24 30       	cpi	r18, 0x04	; 4
     68e:	11 f0       	breq	.+4      	; 0x694 <__divsf3+0x62>
     690:	22 30       	cpi	r18, 0x02	; 2
     692:	31 f4       	brne	.+12     	; 0x6a0 <__divsf3+0x6e>
     694:	23 17       	cp	r18, r19
     696:	09 f0       	breq	.+2      	; 0x69a <__divsf3+0x68>
     698:	6e c0       	rjmp	.+220    	; 0x776 <__divsf3+0x144>
     69a:	6d eb       	ldi	r22, 0xBD	; 189
     69c:	70 e0       	ldi	r23, 0x00	; 0
     69e:	6e c0       	rjmp	.+220    	; 0x77c <__divsf3+0x14a>
     6a0:	34 30       	cpi	r19, 0x04	; 4
     6a2:	39 f4       	brne	.+14     	; 0x6b2 <__divsf3+0x80>
     6a4:	1d 86       	std	Y+13, r1	; 0x0d
     6a6:	1e 86       	std	Y+14, r1	; 0x0e
     6a8:	1f 86       	std	Y+15, r1	; 0x0f
     6aa:	18 8a       	std	Y+16, r1	; 0x10
     6ac:	1c 86       	std	Y+12, r1	; 0x0c
     6ae:	1b 86       	std	Y+11, r1	; 0x0b
     6b0:	04 c0       	rjmp	.+8      	; 0x6ba <__divsf3+0x88>
     6b2:	32 30       	cpi	r19, 0x02	; 2
     6b4:	21 f4       	brne	.+8      	; 0x6be <__divsf3+0x8c>
     6b6:	84 e0       	ldi	r24, 0x04	; 4
     6b8:	89 87       	std	Y+9, r24	; 0x09
     6ba:	b7 01       	movw	r22, r14
     6bc:	5f c0       	rjmp	.+190    	; 0x77c <__divsf3+0x14a>
     6be:	2b 85       	ldd	r18, Y+11	; 0x0b
     6c0:	3c 85       	ldd	r19, Y+12	; 0x0c
     6c2:	8b 89       	ldd	r24, Y+19	; 0x13
     6c4:	9c 89       	ldd	r25, Y+20	; 0x14
     6c6:	28 1b       	sub	r18, r24
     6c8:	39 0b       	sbc	r19, r25
     6ca:	3c 87       	std	Y+12, r19	; 0x0c
     6cc:	2b 87       	std	Y+11, r18	; 0x0b
     6ce:	ed 84       	ldd	r14, Y+13	; 0x0d
     6d0:	fe 84       	ldd	r15, Y+14	; 0x0e
     6d2:	0f 85       	ldd	r16, Y+15	; 0x0f
     6d4:	18 89       	ldd	r17, Y+16	; 0x10
     6d6:	ad 88       	ldd	r10, Y+21	; 0x15
     6d8:	be 88       	ldd	r11, Y+22	; 0x16
     6da:	cf 88       	ldd	r12, Y+23	; 0x17
     6dc:	d8 8c       	ldd	r13, Y+24	; 0x18
     6de:	ea 14       	cp	r14, r10
     6e0:	fb 04       	cpc	r15, r11
     6e2:	0c 05       	cpc	r16, r12
     6e4:	1d 05       	cpc	r17, r13
     6e6:	40 f4       	brcc	.+16     	; 0x6f8 <__divsf3+0xc6>
     6e8:	ee 0c       	add	r14, r14
     6ea:	ff 1c       	adc	r15, r15
     6ec:	00 1f       	adc	r16, r16
     6ee:	11 1f       	adc	r17, r17
     6f0:	21 50       	subi	r18, 0x01	; 1
     6f2:	30 40       	sbci	r19, 0x00	; 0
     6f4:	3c 87       	std	Y+12, r19	; 0x0c
     6f6:	2b 87       	std	Y+11, r18	; 0x0b
     6f8:	20 e0       	ldi	r18, 0x00	; 0
     6fa:	30 e0       	ldi	r19, 0x00	; 0
     6fc:	40 e0       	ldi	r20, 0x00	; 0
     6fe:	50 e0       	ldi	r21, 0x00	; 0
     700:	80 e0       	ldi	r24, 0x00	; 0
     702:	90 e0       	ldi	r25, 0x00	; 0
     704:	a0 e0       	ldi	r26, 0x00	; 0
     706:	b0 e4       	ldi	r27, 0x40	; 64
     708:	60 e0       	ldi	r22, 0x00	; 0
     70a:	70 e0       	ldi	r23, 0x00	; 0
     70c:	ea 14       	cp	r14, r10
     70e:	fb 04       	cpc	r15, r11
     710:	0c 05       	cpc	r16, r12
     712:	1d 05       	cpc	r17, r13
     714:	40 f0       	brcs	.+16     	; 0x726 <__divsf3+0xf4>
     716:	28 2b       	or	r18, r24
     718:	39 2b       	or	r19, r25
     71a:	4a 2b       	or	r20, r26
     71c:	5b 2b       	or	r21, r27
     71e:	ea 18       	sub	r14, r10
     720:	fb 08       	sbc	r15, r11
     722:	0c 09       	sbc	r16, r12
     724:	1d 09       	sbc	r17, r13
     726:	b6 95       	lsr	r27
     728:	a7 95       	ror	r26
     72a:	97 95       	ror	r25
     72c:	87 95       	ror	r24
     72e:	ee 0c       	add	r14, r14
     730:	ff 1c       	adc	r15, r15
     732:	00 1f       	adc	r16, r16
     734:	11 1f       	adc	r17, r17
     736:	6f 5f       	subi	r22, 0xFF	; 255
     738:	7f 4f       	sbci	r23, 0xFF	; 255
     73a:	6f 31       	cpi	r22, 0x1F	; 31
     73c:	71 05       	cpc	r23, r1
     73e:	31 f7       	brne	.-52     	; 0x70c <__divsf3+0xda>
     740:	da 01       	movw	r26, r20
     742:	c9 01       	movw	r24, r18
     744:	8f 77       	andi	r24, 0x7F	; 127
     746:	90 70       	andi	r25, 0x00	; 0
     748:	a0 70       	andi	r26, 0x00	; 0
     74a:	b0 70       	andi	r27, 0x00	; 0
     74c:	80 34       	cpi	r24, 0x40	; 64
     74e:	91 05       	cpc	r25, r1
     750:	a1 05       	cpc	r26, r1
     752:	b1 05       	cpc	r27, r1
     754:	61 f4       	brne	.+24     	; 0x76e <__divsf3+0x13c>
     756:	27 fd       	sbrc	r18, 7
     758:	0a c0       	rjmp	.+20     	; 0x76e <__divsf3+0x13c>
     75a:	e1 14       	cp	r14, r1
     75c:	f1 04       	cpc	r15, r1
     75e:	01 05       	cpc	r16, r1
     760:	11 05       	cpc	r17, r1
     762:	29 f0       	breq	.+10     	; 0x76e <__divsf3+0x13c>
     764:	20 5c       	subi	r18, 0xC0	; 192
     766:	3f 4f       	sbci	r19, 0xFF	; 255
     768:	4f 4f       	sbci	r20, 0xFF	; 255
     76a:	5f 4f       	sbci	r21, 0xFF	; 255
     76c:	20 78       	andi	r18, 0x80	; 128
     76e:	2d 87       	std	Y+13, r18	; 0x0d
     770:	3e 87       	std	Y+14, r19	; 0x0e
     772:	4f 87       	std	Y+15, r20	; 0x0f
     774:	58 8b       	std	Y+16, r21	; 0x10
     776:	be 01       	movw	r22, r28
     778:	67 5f       	subi	r22, 0xF7	; 247
     77a:	7f 4f       	sbci	r23, 0xFF	; 255
     77c:	cb 01       	movw	r24, r22
     77e:	0e 94 a9 04 	call	0x952	; 0x952 <__pack_f>
     782:	68 96       	adiw	r28, 0x18	; 24
     784:	ea e0       	ldi	r30, 0x0A	; 10
     786:	0c 94 da 15 	jmp	0x2bb4	; 0x2bb4 <__epilogue_restores__+0x10>

0000078a <__gtsf2>:
     78a:	a8 e1       	ldi	r26, 0x18	; 24
     78c:	b0 e0       	ldi	r27, 0x00	; 0
     78e:	eb ec       	ldi	r30, 0xCB	; 203
     790:	f3 e0       	ldi	r31, 0x03	; 3
     792:	0c 94 c2 15 	jmp	0x2b84	; 0x2b84 <__prologue_saves__+0x18>
     796:	69 83       	std	Y+1, r22	; 0x01
     798:	7a 83       	std	Y+2, r23	; 0x02
     79a:	8b 83       	std	Y+3, r24	; 0x03
     79c:	9c 83       	std	Y+4, r25	; 0x04
     79e:	2d 83       	std	Y+5, r18	; 0x05
     7a0:	3e 83       	std	Y+6, r19	; 0x06
     7a2:	4f 83       	std	Y+7, r20	; 0x07
     7a4:	58 87       	std	Y+8, r21	; 0x08
     7a6:	89 e0       	ldi	r24, 0x09	; 9
     7a8:	e8 2e       	mov	r14, r24
     7aa:	f1 2c       	mov	r15, r1
     7ac:	ec 0e       	add	r14, r28
     7ae:	fd 1e       	adc	r15, r29
     7b0:	ce 01       	movw	r24, r28
     7b2:	01 96       	adiw	r24, 0x01	; 1
     7b4:	b7 01       	movw	r22, r14
     7b6:	0e 94 7e 05 	call	0xafc	; 0xafc <__unpack_f>
     7ba:	8e 01       	movw	r16, r28
     7bc:	0f 5e       	subi	r16, 0xEF	; 239
     7be:	1f 4f       	sbci	r17, 0xFF	; 255
     7c0:	ce 01       	movw	r24, r28
     7c2:	05 96       	adiw	r24, 0x05	; 5
     7c4:	b8 01       	movw	r22, r16
     7c6:	0e 94 7e 05 	call	0xafc	; 0xafc <__unpack_f>
     7ca:	89 85       	ldd	r24, Y+9	; 0x09
     7cc:	82 30       	cpi	r24, 0x02	; 2
     7ce:	40 f0       	brcs	.+16     	; 0x7e0 <__gtsf2+0x56>
     7d0:	89 89       	ldd	r24, Y+17	; 0x11
     7d2:	82 30       	cpi	r24, 0x02	; 2
     7d4:	28 f0       	brcs	.+10     	; 0x7e0 <__gtsf2+0x56>
     7d6:	c7 01       	movw	r24, r14
     7d8:	b8 01       	movw	r22, r16
     7da:	0e 94 f6 05 	call	0xbec	; 0xbec <__fpcmp_parts_f>
     7de:	01 c0       	rjmp	.+2      	; 0x7e2 <__gtsf2+0x58>
     7e0:	8f ef       	ldi	r24, 0xFF	; 255
     7e2:	68 96       	adiw	r28, 0x18	; 24
     7e4:	e6 e0       	ldi	r30, 0x06	; 6
     7e6:	0c 94 de 15 	jmp	0x2bbc	; 0x2bbc <__epilogue_restores__+0x18>

000007ea <__gesf2>:
     7ea:	a8 e1       	ldi	r26, 0x18	; 24
     7ec:	b0 e0       	ldi	r27, 0x00	; 0
     7ee:	eb ef       	ldi	r30, 0xFB	; 251
     7f0:	f3 e0       	ldi	r31, 0x03	; 3
     7f2:	0c 94 c2 15 	jmp	0x2b84	; 0x2b84 <__prologue_saves__+0x18>
     7f6:	69 83       	std	Y+1, r22	; 0x01
     7f8:	7a 83       	std	Y+2, r23	; 0x02
     7fa:	8b 83       	std	Y+3, r24	; 0x03
     7fc:	9c 83       	std	Y+4, r25	; 0x04
     7fe:	2d 83       	std	Y+5, r18	; 0x05
     800:	3e 83       	std	Y+6, r19	; 0x06
     802:	4f 83       	std	Y+7, r20	; 0x07
     804:	58 87       	std	Y+8, r21	; 0x08
     806:	89 e0       	ldi	r24, 0x09	; 9
     808:	e8 2e       	mov	r14, r24
     80a:	f1 2c       	mov	r15, r1
     80c:	ec 0e       	add	r14, r28
     80e:	fd 1e       	adc	r15, r29
     810:	ce 01       	movw	r24, r28
     812:	01 96       	adiw	r24, 0x01	; 1
     814:	b7 01       	movw	r22, r14
     816:	0e 94 7e 05 	call	0xafc	; 0xafc <__unpack_f>
     81a:	8e 01       	movw	r16, r28
     81c:	0f 5e       	subi	r16, 0xEF	; 239
     81e:	1f 4f       	sbci	r17, 0xFF	; 255
     820:	ce 01       	movw	r24, r28
     822:	05 96       	adiw	r24, 0x05	; 5
     824:	b8 01       	movw	r22, r16
     826:	0e 94 7e 05 	call	0xafc	; 0xafc <__unpack_f>
     82a:	89 85       	ldd	r24, Y+9	; 0x09
     82c:	82 30       	cpi	r24, 0x02	; 2
     82e:	40 f0       	brcs	.+16     	; 0x840 <__gesf2+0x56>
     830:	89 89       	ldd	r24, Y+17	; 0x11
     832:	82 30       	cpi	r24, 0x02	; 2
     834:	28 f0       	brcs	.+10     	; 0x840 <__gesf2+0x56>
     836:	c7 01       	movw	r24, r14
     838:	b8 01       	movw	r22, r16
     83a:	0e 94 f6 05 	call	0xbec	; 0xbec <__fpcmp_parts_f>
     83e:	01 c0       	rjmp	.+2      	; 0x842 <__gesf2+0x58>
     840:	8f ef       	ldi	r24, 0xFF	; 255
     842:	68 96       	adiw	r28, 0x18	; 24
     844:	e6 e0       	ldi	r30, 0x06	; 6
     846:	0c 94 de 15 	jmp	0x2bbc	; 0x2bbc <__epilogue_restores__+0x18>

0000084a <__ltsf2>:
     84a:	a8 e1       	ldi	r26, 0x18	; 24
     84c:	b0 e0       	ldi	r27, 0x00	; 0
     84e:	eb e2       	ldi	r30, 0x2B	; 43
     850:	f4 e0       	ldi	r31, 0x04	; 4
     852:	0c 94 c2 15 	jmp	0x2b84	; 0x2b84 <__prologue_saves__+0x18>
     856:	69 83       	std	Y+1, r22	; 0x01
     858:	7a 83       	std	Y+2, r23	; 0x02
     85a:	8b 83       	std	Y+3, r24	; 0x03
     85c:	9c 83       	std	Y+4, r25	; 0x04
     85e:	2d 83       	std	Y+5, r18	; 0x05
     860:	3e 83       	std	Y+6, r19	; 0x06
     862:	4f 83       	std	Y+7, r20	; 0x07
     864:	58 87       	std	Y+8, r21	; 0x08
     866:	89 e0       	ldi	r24, 0x09	; 9
     868:	e8 2e       	mov	r14, r24
     86a:	f1 2c       	mov	r15, r1
     86c:	ec 0e       	add	r14, r28
     86e:	fd 1e       	adc	r15, r29
     870:	ce 01       	movw	r24, r28
     872:	01 96       	adiw	r24, 0x01	; 1
     874:	b7 01       	movw	r22, r14
     876:	0e 94 7e 05 	call	0xafc	; 0xafc <__unpack_f>
     87a:	8e 01       	movw	r16, r28
     87c:	0f 5e       	subi	r16, 0xEF	; 239
     87e:	1f 4f       	sbci	r17, 0xFF	; 255
     880:	ce 01       	movw	r24, r28
     882:	05 96       	adiw	r24, 0x05	; 5
     884:	b8 01       	movw	r22, r16
     886:	0e 94 7e 05 	call	0xafc	; 0xafc <__unpack_f>
     88a:	89 85       	ldd	r24, Y+9	; 0x09
     88c:	82 30       	cpi	r24, 0x02	; 2
     88e:	40 f0       	brcs	.+16     	; 0x8a0 <__stack+0x41>
     890:	89 89       	ldd	r24, Y+17	; 0x11
     892:	82 30       	cpi	r24, 0x02	; 2
     894:	28 f0       	brcs	.+10     	; 0x8a0 <__stack+0x41>
     896:	c7 01       	movw	r24, r14
     898:	b8 01       	movw	r22, r16
     89a:	0e 94 f6 05 	call	0xbec	; 0xbec <__fpcmp_parts_f>
     89e:	01 c0       	rjmp	.+2      	; 0x8a2 <__stack+0x43>
     8a0:	81 e0       	ldi	r24, 0x01	; 1
     8a2:	68 96       	adiw	r28, 0x18	; 24
     8a4:	e6 e0       	ldi	r30, 0x06	; 6
     8a6:	0c 94 de 15 	jmp	0x2bbc	; 0x2bbc <__epilogue_restores__+0x18>

000008aa <__fixsfsi>:
     8aa:	ac e0       	ldi	r26, 0x0C	; 12
     8ac:	b0 e0       	ldi	r27, 0x00	; 0
     8ae:	eb e5       	ldi	r30, 0x5B	; 91
     8b0:	f4 e0       	ldi	r31, 0x04	; 4
     8b2:	0c 94 c6 15 	jmp	0x2b8c	; 0x2b8c <__prologue_saves__+0x20>
     8b6:	69 83       	std	Y+1, r22	; 0x01
     8b8:	7a 83       	std	Y+2, r23	; 0x02
     8ba:	8b 83       	std	Y+3, r24	; 0x03
     8bc:	9c 83       	std	Y+4, r25	; 0x04
     8be:	ce 01       	movw	r24, r28
     8c0:	01 96       	adiw	r24, 0x01	; 1
     8c2:	be 01       	movw	r22, r28
     8c4:	6b 5f       	subi	r22, 0xFB	; 251
     8c6:	7f 4f       	sbci	r23, 0xFF	; 255
     8c8:	0e 94 7e 05 	call	0xafc	; 0xafc <__unpack_f>
     8cc:	8d 81       	ldd	r24, Y+5	; 0x05
     8ce:	82 30       	cpi	r24, 0x02	; 2
     8d0:	61 f1       	breq	.+88     	; 0x92a <__fixsfsi+0x80>
     8d2:	82 30       	cpi	r24, 0x02	; 2
     8d4:	50 f1       	brcs	.+84     	; 0x92a <__fixsfsi+0x80>
     8d6:	84 30       	cpi	r24, 0x04	; 4
     8d8:	21 f4       	brne	.+8      	; 0x8e2 <__fixsfsi+0x38>
     8da:	8e 81       	ldd	r24, Y+6	; 0x06
     8dc:	88 23       	and	r24, r24
     8de:	51 f1       	breq	.+84     	; 0x934 <__fixsfsi+0x8a>
     8e0:	2e c0       	rjmp	.+92     	; 0x93e <__fixsfsi+0x94>
     8e2:	2f 81       	ldd	r18, Y+7	; 0x07
     8e4:	38 85       	ldd	r19, Y+8	; 0x08
     8e6:	37 fd       	sbrc	r19, 7
     8e8:	20 c0       	rjmp	.+64     	; 0x92a <__fixsfsi+0x80>
     8ea:	6e 81       	ldd	r22, Y+6	; 0x06
     8ec:	2f 31       	cpi	r18, 0x1F	; 31
     8ee:	31 05       	cpc	r19, r1
     8f0:	1c f0       	brlt	.+6      	; 0x8f8 <__fixsfsi+0x4e>
     8f2:	66 23       	and	r22, r22
     8f4:	f9 f0       	breq	.+62     	; 0x934 <__fixsfsi+0x8a>
     8f6:	23 c0       	rjmp	.+70     	; 0x93e <__fixsfsi+0x94>
     8f8:	8e e1       	ldi	r24, 0x1E	; 30
     8fa:	90 e0       	ldi	r25, 0x00	; 0
     8fc:	82 1b       	sub	r24, r18
     8fe:	93 0b       	sbc	r25, r19
     900:	29 85       	ldd	r18, Y+9	; 0x09
     902:	3a 85       	ldd	r19, Y+10	; 0x0a
     904:	4b 85       	ldd	r20, Y+11	; 0x0b
     906:	5c 85       	ldd	r21, Y+12	; 0x0c
     908:	04 c0       	rjmp	.+8      	; 0x912 <__fixsfsi+0x68>
     90a:	56 95       	lsr	r21
     90c:	47 95       	ror	r20
     90e:	37 95       	ror	r19
     910:	27 95       	ror	r18
     912:	8a 95       	dec	r24
     914:	d2 f7       	brpl	.-12     	; 0x90a <__fixsfsi+0x60>
     916:	66 23       	and	r22, r22
     918:	b1 f0       	breq	.+44     	; 0x946 <__fixsfsi+0x9c>
     91a:	50 95       	com	r21
     91c:	40 95       	com	r20
     91e:	30 95       	com	r19
     920:	21 95       	neg	r18
     922:	3f 4f       	sbci	r19, 0xFF	; 255
     924:	4f 4f       	sbci	r20, 0xFF	; 255
     926:	5f 4f       	sbci	r21, 0xFF	; 255
     928:	0e c0       	rjmp	.+28     	; 0x946 <__fixsfsi+0x9c>
     92a:	20 e0       	ldi	r18, 0x00	; 0
     92c:	30 e0       	ldi	r19, 0x00	; 0
     92e:	40 e0       	ldi	r20, 0x00	; 0
     930:	50 e0       	ldi	r21, 0x00	; 0
     932:	09 c0       	rjmp	.+18     	; 0x946 <__fixsfsi+0x9c>
     934:	2f ef       	ldi	r18, 0xFF	; 255
     936:	3f ef       	ldi	r19, 0xFF	; 255
     938:	4f ef       	ldi	r20, 0xFF	; 255
     93a:	5f e7       	ldi	r21, 0x7F	; 127
     93c:	04 c0       	rjmp	.+8      	; 0x946 <__fixsfsi+0x9c>
     93e:	20 e0       	ldi	r18, 0x00	; 0
     940:	30 e0       	ldi	r19, 0x00	; 0
     942:	40 e0       	ldi	r20, 0x00	; 0
     944:	50 e8       	ldi	r21, 0x80	; 128
     946:	b9 01       	movw	r22, r18
     948:	ca 01       	movw	r24, r20
     94a:	2c 96       	adiw	r28, 0x0c	; 12
     94c:	e2 e0       	ldi	r30, 0x02	; 2
     94e:	0c 94 e2 15 	jmp	0x2bc4	; 0x2bc4 <__epilogue_restores__+0x20>

00000952 <__pack_f>:
     952:	df 92       	push	r13
     954:	ef 92       	push	r14
     956:	ff 92       	push	r15
     958:	0f 93       	push	r16
     95a:	1f 93       	push	r17
     95c:	fc 01       	movw	r30, r24
     95e:	e4 80       	ldd	r14, Z+4	; 0x04
     960:	f5 80       	ldd	r15, Z+5	; 0x05
     962:	06 81       	ldd	r16, Z+6	; 0x06
     964:	17 81       	ldd	r17, Z+7	; 0x07
     966:	d1 80       	ldd	r13, Z+1	; 0x01
     968:	80 81       	ld	r24, Z
     96a:	82 30       	cpi	r24, 0x02	; 2
     96c:	48 f4       	brcc	.+18     	; 0x980 <__pack_f+0x2e>
     96e:	80 e0       	ldi	r24, 0x00	; 0
     970:	90 e0       	ldi	r25, 0x00	; 0
     972:	a0 e1       	ldi	r26, 0x10	; 16
     974:	b0 e0       	ldi	r27, 0x00	; 0
     976:	e8 2a       	or	r14, r24
     978:	f9 2a       	or	r15, r25
     97a:	0a 2b       	or	r16, r26
     97c:	1b 2b       	or	r17, r27
     97e:	a5 c0       	rjmp	.+330    	; 0xaca <__pack_f+0x178>
     980:	84 30       	cpi	r24, 0x04	; 4
     982:	09 f4       	brne	.+2      	; 0x986 <__pack_f+0x34>
     984:	9f c0       	rjmp	.+318    	; 0xac4 <__pack_f+0x172>
     986:	82 30       	cpi	r24, 0x02	; 2
     988:	21 f4       	brne	.+8      	; 0x992 <__pack_f+0x40>
     98a:	ee 24       	eor	r14, r14
     98c:	ff 24       	eor	r15, r15
     98e:	87 01       	movw	r16, r14
     990:	05 c0       	rjmp	.+10     	; 0x99c <__pack_f+0x4a>
     992:	e1 14       	cp	r14, r1
     994:	f1 04       	cpc	r15, r1
     996:	01 05       	cpc	r16, r1
     998:	11 05       	cpc	r17, r1
     99a:	19 f4       	brne	.+6      	; 0x9a2 <__pack_f+0x50>
     99c:	e0 e0       	ldi	r30, 0x00	; 0
     99e:	f0 e0       	ldi	r31, 0x00	; 0
     9a0:	96 c0       	rjmp	.+300    	; 0xace <__pack_f+0x17c>
     9a2:	62 81       	ldd	r22, Z+2	; 0x02
     9a4:	73 81       	ldd	r23, Z+3	; 0x03
     9a6:	9f ef       	ldi	r25, 0xFF	; 255
     9a8:	62 38       	cpi	r22, 0x82	; 130
     9aa:	79 07       	cpc	r23, r25
     9ac:	0c f0       	brlt	.+2      	; 0x9b0 <__pack_f+0x5e>
     9ae:	5b c0       	rjmp	.+182    	; 0xa66 <__pack_f+0x114>
     9b0:	22 e8       	ldi	r18, 0x82	; 130
     9b2:	3f ef       	ldi	r19, 0xFF	; 255
     9b4:	26 1b       	sub	r18, r22
     9b6:	37 0b       	sbc	r19, r23
     9b8:	2a 31       	cpi	r18, 0x1A	; 26
     9ba:	31 05       	cpc	r19, r1
     9bc:	2c f0       	brlt	.+10     	; 0x9c8 <__pack_f+0x76>
     9be:	20 e0       	ldi	r18, 0x00	; 0
     9c0:	30 e0       	ldi	r19, 0x00	; 0
     9c2:	40 e0       	ldi	r20, 0x00	; 0
     9c4:	50 e0       	ldi	r21, 0x00	; 0
     9c6:	2a c0       	rjmp	.+84     	; 0xa1c <__pack_f+0xca>
     9c8:	b8 01       	movw	r22, r16
     9ca:	a7 01       	movw	r20, r14
     9cc:	02 2e       	mov	r0, r18
     9ce:	04 c0       	rjmp	.+8      	; 0x9d8 <__pack_f+0x86>
     9d0:	76 95       	lsr	r23
     9d2:	67 95       	ror	r22
     9d4:	57 95       	ror	r21
     9d6:	47 95       	ror	r20
     9d8:	0a 94       	dec	r0
     9da:	d2 f7       	brpl	.-12     	; 0x9d0 <__pack_f+0x7e>
     9dc:	81 e0       	ldi	r24, 0x01	; 1
     9de:	90 e0       	ldi	r25, 0x00	; 0
     9e0:	a0 e0       	ldi	r26, 0x00	; 0
     9e2:	b0 e0       	ldi	r27, 0x00	; 0
     9e4:	04 c0       	rjmp	.+8      	; 0x9ee <__pack_f+0x9c>
     9e6:	88 0f       	add	r24, r24
     9e8:	99 1f       	adc	r25, r25
     9ea:	aa 1f       	adc	r26, r26
     9ec:	bb 1f       	adc	r27, r27
     9ee:	2a 95       	dec	r18
     9f0:	d2 f7       	brpl	.-12     	; 0x9e6 <__pack_f+0x94>
     9f2:	01 97       	sbiw	r24, 0x01	; 1
     9f4:	a1 09       	sbc	r26, r1
     9f6:	b1 09       	sbc	r27, r1
     9f8:	8e 21       	and	r24, r14
     9fa:	9f 21       	and	r25, r15
     9fc:	a0 23       	and	r26, r16
     9fe:	b1 23       	and	r27, r17
     a00:	00 97       	sbiw	r24, 0x00	; 0
     a02:	a1 05       	cpc	r26, r1
     a04:	b1 05       	cpc	r27, r1
     a06:	21 f0       	breq	.+8      	; 0xa10 <__pack_f+0xbe>
     a08:	81 e0       	ldi	r24, 0x01	; 1
     a0a:	90 e0       	ldi	r25, 0x00	; 0
     a0c:	a0 e0       	ldi	r26, 0x00	; 0
     a0e:	b0 e0       	ldi	r27, 0x00	; 0
     a10:	9a 01       	movw	r18, r20
     a12:	ab 01       	movw	r20, r22
     a14:	28 2b       	or	r18, r24
     a16:	39 2b       	or	r19, r25
     a18:	4a 2b       	or	r20, r26
     a1a:	5b 2b       	or	r21, r27
     a1c:	da 01       	movw	r26, r20
     a1e:	c9 01       	movw	r24, r18
     a20:	8f 77       	andi	r24, 0x7F	; 127
     a22:	90 70       	andi	r25, 0x00	; 0
     a24:	a0 70       	andi	r26, 0x00	; 0
     a26:	b0 70       	andi	r27, 0x00	; 0
     a28:	80 34       	cpi	r24, 0x40	; 64
     a2a:	91 05       	cpc	r25, r1
     a2c:	a1 05       	cpc	r26, r1
     a2e:	b1 05       	cpc	r27, r1
     a30:	39 f4       	brne	.+14     	; 0xa40 <__pack_f+0xee>
     a32:	27 ff       	sbrs	r18, 7
     a34:	09 c0       	rjmp	.+18     	; 0xa48 <__pack_f+0xf6>
     a36:	20 5c       	subi	r18, 0xC0	; 192
     a38:	3f 4f       	sbci	r19, 0xFF	; 255
     a3a:	4f 4f       	sbci	r20, 0xFF	; 255
     a3c:	5f 4f       	sbci	r21, 0xFF	; 255
     a3e:	04 c0       	rjmp	.+8      	; 0xa48 <__pack_f+0xf6>
     a40:	21 5c       	subi	r18, 0xC1	; 193
     a42:	3f 4f       	sbci	r19, 0xFF	; 255
     a44:	4f 4f       	sbci	r20, 0xFF	; 255
     a46:	5f 4f       	sbci	r21, 0xFF	; 255
     a48:	e0 e0       	ldi	r30, 0x00	; 0
     a4a:	f0 e0       	ldi	r31, 0x00	; 0
     a4c:	20 30       	cpi	r18, 0x00	; 0
     a4e:	a0 e0       	ldi	r26, 0x00	; 0
     a50:	3a 07       	cpc	r19, r26
     a52:	a0 e0       	ldi	r26, 0x00	; 0
     a54:	4a 07       	cpc	r20, r26
     a56:	a0 e4       	ldi	r26, 0x40	; 64
     a58:	5a 07       	cpc	r21, r26
     a5a:	10 f0       	brcs	.+4      	; 0xa60 <__pack_f+0x10e>
     a5c:	e1 e0       	ldi	r30, 0x01	; 1
     a5e:	f0 e0       	ldi	r31, 0x00	; 0
     a60:	79 01       	movw	r14, r18
     a62:	8a 01       	movw	r16, r20
     a64:	27 c0       	rjmp	.+78     	; 0xab4 <__pack_f+0x162>
     a66:	60 38       	cpi	r22, 0x80	; 128
     a68:	71 05       	cpc	r23, r1
     a6a:	64 f5       	brge	.+88     	; 0xac4 <__pack_f+0x172>
     a6c:	fb 01       	movw	r30, r22
     a6e:	e1 58       	subi	r30, 0x81	; 129
     a70:	ff 4f       	sbci	r31, 0xFF	; 255
     a72:	d8 01       	movw	r26, r16
     a74:	c7 01       	movw	r24, r14
     a76:	8f 77       	andi	r24, 0x7F	; 127
     a78:	90 70       	andi	r25, 0x00	; 0
     a7a:	a0 70       	andi	r26, 0x00	; 0
     a7c:	b0 70       	andi	r27, 0x00	; 0
     a7e:	80 34       	cpi	r24, 0x40	; 64
     a80:	91 05       	cpc	r25, r1
     a82:	a1 05       	cpc	r26, r1
     a84:	b1 05       	cpc	r27, r1
     a86:	39 f4       	brne	.+14     	; 0xa96 <__pack_f+0x144>
     a88:	e7 fe       	sbrs	r14, 7
     a8a:	0d c0       	rjmp	.+26     	; 0xaa6 <__pack_f+0x154>
     a8c:	80 e4       	ldi	r24, 0x40	; 64
     a8e:	90 e0       	ldi	r25, 0x00	; 0
     a90:	a0 e0       	ldi	r26, 0x00	; 0
     a92:	b0 e0       	ldi	r27, 0x00	; 0
     a94:	04 c0       	rjmp	.+8      	; 0xa9e <__pack_f+0x14c>
     a96:	8f e3       	ldi	r24, 0x3F	; 63
     a98:	90 e0       	ldi	r25, 0x00	; 0
     a9a:	a0 e0       	ldi	r26, 0x00	; 0
     a9c:	b0 e0       	ldi	r27, 0x00	; 0
     a9e:	e8 0e       	add	r14, r24
     aa0:	f9 1e       	adc	r15, r25
     aa2:	0a 1f       	adc	r16, r26
     aa4:	1b 1f       	adc	r17, r27
     aa6:	17 ff       	sbrs	r17, 7
     aa8:	05 c0       	rjmp	.+10     	; 0xab4 <__pack_f+0x162>
     aaa:	16 95       	lsr	r17
     aac:	07 95       	ror	r16
     aae:	f7 94       	ror	r15
     ab0:	e7 94       	ror	r14
     ab2:	31 96       	adiw	r30, 0x01	; 1
     ab4:	87 e0       	ldi	r24, 0x07	; 7
     ab6:	16 95       	lsr	r17
     ab8:	07 95       	ror	r16
     aba:	f7 94       	ror	r15
     abc:	e7 94       	ror	r14
     abe:	8a 95       	dec	r24
     ac0:	d1 f7       	brne	.-12     	; 0xab6 <__pack_f+0x164>
     ac2:	05 c0       	rjmp	.+10     	; 0xace <__pack_f+0x17c>
     ac4:	ee 24       	eor	r14, r14
     ac6:	ff 24       	eor	r15, r15
     ac8:	87 01       	movw	r16, r14
     aca:	ef ef       	ldi	r30, 0xFF	; 255
     acc:	f0 e0       	ldi	r31, 0x00	; 0
     ace:	6e 2f       	mov	r22, r30
     ad0:	67 95       	ror	r22
     ad2:	66 27       	eor	r22, r22
     ad4:	67 95       	ror	r22
     ad6:	90 2f       	mov	r25, r16
     ad8:	9f 77       	andi	r25, 0x7F	; 127
     ada:	d7 94       	ror	r13
     adc:	dd 24       	eor	r13, r13
     ade:	d7 94       	ror	r13
     ae0:	8e 2f       	mov	r24, r30
     ae2:	86 95       	lsr	r24
     ae4:	49 2f       	mov	r20, r25
     ae6:	46 2b       	or	r20, r22
     ae8:	58 2f       	mov	r21, r24
     aea:	5d 29       	or	r21, r13
     aec:	b7 01       	movw	r22, r14
     aee:	ca 01       	movw	r24, r20
     af0:	1f 91       	pop	r17
     af2:	0f 91       	pop	r16
     af4:	ff 90       	pop	r15
     af6:	ef 90       	pop	r14
     af8:	df 90       	pop	r13
     afa:	08 95       	ret

00000afc <__unpack_f>:
     afc:	fc 01       	movw	r30, r24
     afe:	db 01       	movw	r26, r22
     b00:	40 81       	ld	r20, Z
     b02:	51 81       	ldd	r21, Z+1	; 0x01
     b04:	22 81       	ldd	r18, Z+2	; 0x02
     b06:	62 2f       	mov	r22, r18
     b08:	6f 77       	andi	r22, 0x7F	; 127
     b0a:	70 e0       	ldi	r23, 0x00	; 0
     b0c:	22 1f       	adc	r18, r18
     b0e:	22 27       	eor	r18, r18
     b10:	22 1f       	adc	r18, r18
     b12:	93 81       	ldd	r25, Z+3	; 0x03
     b14:	89 2f       	mov	r24, r25
     b16:	88 0f       	add	r24, r24
     b18:	82 2b       	or	r24, r18
     b1a:	28 2f       	mov	r18, r24
     b1c:	30 e0       	ldi	r19, 0x00	; 0
     b1e:	99 1f       	adc	r25, r25
     b20:	99 27       	eor	r25, r25
     b22:	99 1f       	adc	r25, r25
     b24:	11 96       	adiw	r26, 0x01	; 1
     b26:	9c 93       	st	X, r25
     b28:	11 97       	sbiw	r26, 0x01	; 1
     b2a:	21 15       	cp	r18, r1
     b2c:	31 05       	cpc	r19, r1
     b2e:	a9 f5       	brne	.+106    	; 0xb9a <__unpack_f+0x9e>
     b30:	41 15       	cp	r20, r1
     b32:	51 05       	cpc	r21, r1
     b34:	61 05       	cpc	r22, r1
     b36:	71 05       	cpc	r23, r1
     b38:	11 f4       	brne	.+4      	; 0xb3e <__unpack_f+0x42>
     b3a:	82 e0       	ldi	r24, 0x02	; 2
     b3c:	37 c0       	rjmp	.+110    	; 0xbac <__unpack_f+0xb0>
     b3e:	82 e8       	ldi	r24, 0x82	; 130
     b40:	9f ef       	ldi	r25, 0xFF	; 255
     b42:	13 96       	adiw	r26, 0x03	; 3
     b44:	9c 93       	st	X, r25
     b46:	8e 93       	st	-X, r24
     b48:	12 97       	sbiw	r26, 0x02	; 2
     b4a:	9a 01       	movw	r18, r20
     b4c:	ab 01       	movw	r20, r22
     b4e:	67 e0       	ldi	r22, 0x07	; 7
     b50:	22 0f       	add	r18, r18
     b52:	33 1f       	adc	r19, r19
     b54:	44 1f       	adc	r20, r20
     b56:	55 1f       	adc	r21, r21
     b58:	6a 95       	dec	r22
     b5a:	d1 f7       	brne	.-12     	; 0xb50 <__unpack_f+0x54>
     b5c:	83 e0       	ldi	r24, 0x03	; 3
     b5e:	8c 93       	st	X, r24
     b60:	0d c0       	rjmp	.+26     	; 0xb7c <__unpack_f+0x80>
     b62:	22 0f       	add	r18, r18
     b64:	33 1f       	adc	r19, r19
     b66:	44 1f       	adc	r20, r20
     b68:	55 1f       	adc	r21, r21
     b6a:	12 96       	adiw	r26, 0x02	; 2
     b6c:	8d 91       	ld	r24, X+
     b6e:	9c 91       	ld	r25, X
     b70:	13 97       	sbiw	r26, 0x03	; 3
     b72:	01 97       	sbiw	r24, 0x01	; 1
     b74:	13 96       	adiw	r26, 0x03	; 3
     b76:	9c 93       	st	X, r25
     b78:	8e 93       	st	-X, r24
     b7a:	12 97       	sbiw	r26, 0x02	; 2
     b7c:	20 30       	cpi	r18, 0x00	; 0
     b7e:	80 e0       	ldi	r24, 0x00	; 0
     b80:	38 07       	cpc	r19, r24
     b82:	80 e0       	ldi	r24, 0x00	; 0
     b84:	48 07       	cpc	r20, r24
     b86:	80 e4       	ldi	r24, 0x40	; 64
     b88:	58 07       	cpc	r21, r24
     b8a:	58 f3       	brcs	.-42     	; 0xb62 <__unpack_f+0x66>
     b8c:	14 96       	adiw	r26, 0x04	; 4
     b8e:	2d 93       	st	X+, r18
     b90:	3d 93       	st	X+, r19
     b92:	4d 93       	st	X+, r20
     b94:	5c 93       	st	X, r21
     b96:	17 97       	sbiw	r26, 0x07	; 7
     b98:	08 95       	ret
     b9a:	2f 3f       	cpi	r18, 0xFF	; 255
     b9c:	31 05       	cpc	r19, r1
     b9e:	79 f4       	brne	.+30     	; 0xbbe <__unpack_f+0xc2>
     ba0:	41 15       	cp	r20, r1
     ba2:	51 05       	cpc	r21, r1
     ba4:	61 05       	cpc	r22, r1
     ba6:	71 05       	cpc	r23, r1
     ba8:	19 f4       	brne	.+6      	; 0xbb0 <__unpack_f+0xb4>
     baa:	84 e0       	ldi	r24, 0x04	; 4
     bac:	8c 93       	st	X, r24
     bae:	08 95       	ret
     bb0:	64 ff       	sbrs	r22, 4
     bb2:	03 c0       	rjmp	.+6      	; 0xbba <__unpack_f+0xbe>
     bb4:	81 e0       	ldi	r24, 0x01	; 1
     bb6:	8c 93       	st	X, r24
     bb8:	12 c0       	rjmp	.+36     	; 0xbde <__unpack_f+0xe2>
     bba:	1c 92       	st	X, r1
     bbc:	10 c0       	rjmp	.+32     	; 0xbde <__unpack_f+0xe2>
     bbe:	2f 57       	subi	r18, 0x7F	; 127
     bc0:	30 40       	sbci	r19, 0x00	; 0
     bc2:	13 96       	adiw	r26, 0x03	; 3
     bc4:	3c 93       	st	X, r19
     bc6:	2e 93       	st	-X, r18
     bc8:	12 97       	sbiw	r26, 0x02	; 2
     bca:	83 e0       	ldi	r24, 0x03	; 3
     bcc:	8c 93       	st	X, r24
     bce:	87 e0       	ldi	r24, 0x07	; 7
     bd0:	44 0f       	add	r20, r20
     bd2:	55 1f       	adc	r21, r21
     bd4:	66 1f       	adc	r22, r22
     bd6:	77 1f       	adc	r23, r23
     bd8:	8a 95       	dec	r24
     bda:	d1 f7       	brne	.-12     	; 0xbd0 <__unpack_f+0xd4>
     bdc:	70 64       	ori	r23, 0x40	; 64
     bde:	14 96       	adiw	r26, 0x04	; 4
     be0:	4d 93       	st	X+, r20
     be2:	5d 93       	st	X+, r21
     be4:	6d 93       	st	X+, r22
     be6:	7c 93       	st	X, r23
     be8:	17 97       	sbiw	r26, 0x07	; 7
     bea:	08 95       	ret

00000bec <__fpcmp_parts_f>:
     bec:	1f 93       	push	r17
     bee:	dc 01       	movw	r26, r24
     bf0:	fb 01       	movw	r30, r22
     bf2:	9c 91       	ld	r25, X
     bf4:	92 30       	cpi	r25, 0x02	; 2
     bf6:	08 f4       	brcc	.+2      	; 0xbfa <__fpcmp_parts_f+0xe>
     bf8:	47 c0       	rjmp	.+142    	; 0xc88 <__fpcmp_parts_f+0x9c>
     bfa:	80 81       	ld	r24, Z
     bfc:	82 30       	cpi	r24, 0x02	; 2
     bfe:	08 f4       	brcc	.+2      	; 0xc02 <__fpcmp_parts_f+0x16>
     c00:	43 c0       	rjmp	.+134    	; 0xc88 <__fpcmp_parts_f+0x9c>
     c02:	94 30       	cpi	r25, 0x04	; 4
     c04:	51 f4       	brne	.+20     	; 0xc1a <__fpcmp_parts_f+0x2e>
     c06:	11 96       	adiw	r26, 0x01	; 1
     c08:	1c 91       	ld	r17, X
     c0a:	84 30       	cpi	r24, 0x04	; 4
     c0c:	99 f5       	brne	.+102    	; 0xc74 <__fpcmp_parts_f+0x88>
     c0e:	81 81       	ldd	r24, Z+1	; 0x01
     c10:	68 2f       	mov	r22, r24
     c12:	70 e0       	ldi	r23, 0x00	; 0
     c14:	61 1b       	sub	r22, r17
     c16:	71 09       	sbc	r23, r1
     c18:	3f c0       	rjmp	.+126    	; 0xc98 <__fpcmp_parts_f+0xac>
     c1a:	84 30       	cpi	r24, 0x04	; 4
     c1c:	21 f0       	breq	.+8      	; 0xc26 <__fpcmp_parts_f+0x3a>
     c1e:	92 30       	cpi	r25, 0x02	; 2
     c20:	31 f4       	brne	.+12     	; 0xc2e <__fpcmp_parts_f+0x42>
     c22:	82 30       	cpi	r24, 0x02	; 2
     c24:	b9 f1       	breq	.+110    	; 0xc94 <__fpcmp_parts_f+0xa8>
     c26:	81 81       	ldd	r24, Z+1	; 0x01
     c28:	88 23       	and	r24, r24
     c2a:	89 f1       	breq	.+98     	; 0xc8e <__fpcmp_parts_f+0xa2>
     c2c:	2d c0       	rjmp	.+90     	; 0xc88 <__fpcmp_parts_f+0x9c>
     c2e:	11 96       	adiw	r26, 0x01	; 1
     c30:	1c 91       	ld	r17, X
     c32:	11 97       	sbiw	r26, 0x01	; 1
     c34:	82 30       	cpi	r24, 0x02	; 2
     c36:	f1 f0       	breq	.+60     	; 0xc74 <__fpcmp_parts_f+0x88>
     c38:	81 81       	ldd	r24, Z+1	; 0x01
     c3a:	18 17       	cp	r17, r24
     c3c:	d9 f4       	brne	.+54     	; 0xc74 <__fpcmp_parts_f+0x88>
     c3e:	12 96       	adiw	r26, 0x02	; 2
     c40:	2d 91       	ld	r18, X+
     c42:	3c 91       	ld	r19, X
     c44:	13 97       	sbiw	r26, 0x03	; 3
     c46:	82 81       	ldd	r24, Z+2	; 0x02
     c48:	93 81       	ldd	r25, Z+3	; 0x03
     c4a:	82 17       	cp	r24, r18
     c4c:	93 07       	cpc	r25, r19
     c4e:	94 f0       	brlt	.+36     	; 0xc74 <__fpcmp_parts_f+0x88>
     c50:	28 17       	cp	r18, r24
     c52:	39 07       	cpc	r19, r25
     c54:	bc f0       	brlt	.+46     	; 0xc84 <__fpcmp_parts_f+0x98>
     c56:	14 96       	adiw	r26, 0x04	; 4
     c58:	8d 91       	ld	r24, X+
     c5a:	9d 91       	ld	r25, X+
     c5c:	0d 90       	ld	r0, X+
     c5e:	bc 91       	ld	r27, X
     c60:	a0 2d       	mov	r26, r0
     c62:	24 81       	ldd	r18, Z+4	; 0x04
     c64:	35 81       	ldd	r19, Z+5	; 0x05
     c66:	46 81       	ldd	r20, Z+6	; 0x06
     c68:	57 81       	ldd	r21, Z+7	; 0x07
     c6a:	28 17       	cp	r18, r24
     c6c:	39 07       	cpc	r19, r25
     c6e:	4a 07       	cpc	r20, r26
     c70:	5b 07       	cpc	r21, r27
     c72:	18 f4       	brcc	.+6      	; 0xc7a <__fpcmp_parts_f+0x8e>
     c74:	11 23       	and	r17, r17
     c76:	41 f0       	breq	.+16     	; 0xc88 <__fpcmp_parts_f+0x9c>
     c78:	0a c0       	rjmp	.+20     	; 0xc8e <__fpcmp_parts_f+0xa2>
     c7a:	82 17       	cp	r24, r18
     c7c:	93 07       	cpc	r25, r19
     c7e:	a4 07       	cpc	r26, r20
     c80:	b5 07       	cpc	r27, r21
     c82:	40 f4       	brcc	.+16     	; 0xc94 <__fpcmp_parts_f+0xa8>
     c84:	11 23       	and	r17, r17
     c86:	19 f0       	breq	.+6      	; 0xc8e <__fpcmp_parts_f+0xa2>
     c88:	61 e0       	ldi	r22, 0x01	; 1
     c8a:	70 e0       	ldi	r23, 0x00	; 0
     c8c:	05 c0       	rjmp	.+10     	; 0xc98 <__fpcmp_parts_f+0xac>
     c8e:	6f ef       	ldi	r22, 0xFF	; 255
     c90:	7f ef       	ldi	r23, 0xFF	; 255
     c92:	02 c0       	rjmp	.+4      	; 0xc98 <__fpcmp_parts_f+0xac>
     c94:	60 e0       	ldi	r22, 0x00	; 0
     c96:	70 e0       	ldi	r23, 0x00	; 0
     c98:	cb 01       	movw	r24, r22
     c9a:	1f 91       	pop	r17
     c9c:	08 95       	ret

00000c9e <DIO_SetPortDirection>:

#include "../../LIB/BIT_MATH.h"


void DIO_SetPortDirection(u8 Copy_u8Port, u8 Copy_u8Direction)
{
     c9e:	df 93       	push	r29
     ca0:	cf 93       	push	r28
     ca2:	00 d0       	rcall	.+0      	; 0xca4 <DIO_SetPortDirection+0x6>
     ca4:	00 d0       	rcall	.+0      	; 0xca6 <DIO_SetPortDirection+0x8>
     ca6:	cd b7       	in	r28, 0x3d	; 61
     ca8:	de b7       	in	r29, 0x3e	; 62
     caa:	89 83       	std	Y+1, r24	; 0x01
     cac:	6a 83       	std	Y+2, r22	; 0x02
    switch(Copy_u8Port)
     cae:	89 81       	ldd	r24, Y+1	; 0x01
     cb0:	28 2f       	mov	r18, r24
     cb2:	30 e0       	ldi	r19, 0x00	; 0
     cb4:	3c 83       	std	Y+4, r19	; 0x04
     cb6:	2b 83       	std	Y+3, r18	; 0x03
     cb8:	8b 81       	ldd	r24, Y+3	; 0x03
     cba:	9c 81       	ldd	r25, Y+4	; 0x04
     cbc:	81 30       	cpi	r24, 0x01	; 1
     cbe:	91 05       	cpc	r25, r1
     cc0:	d1 f0       	breq	.+52     	; 0xcf6 <DIO_SetPortDirection+0x58>
     cc2:	2b 81       	ldd	r18, Y+3	; 0x03
     cc4:	3c 81       	ldd	r19, Y+4	; 0x04
     cc6:	22 30       	cpi	r18, 0x02	; 2
     cc8:	31 05       	cpc	r19, r1
     cca:	2c f4       	brge	.+10     	; 0xcd6 <DIO_SetPortDirection+0x38>
     ccc:	8b 81       	ldd	r24, Y+3	; 0x03
     cce:	9c 81       	ldd	r25, Y+4	; 0x04
     cd0:	00 97       	sbiw	r24, 0x00	; 0
     cd2:	61 f0       	breq	.+24     	; 0xcec <DIO_SetPortDirection+0x4e>
     cd4:	1e c0       	rjmp	.+60     	; 0xd12 <DIO_SetPortDirection+0x74>
     cd6:	2b 81       	ldd	r18, Y+3	; 0x03
     cd8:	3c 81       	ldd	r19, Y+4	; 0x04
     cda:	22 30       	cpi	r18, 0x02	; 2
     cdc:	31 05       	cpc	r19, r1
     cde:	81 f0       	breq	.+32     	; 0xd00 <DIO_SetPortDirection+0x62>
     ce0:	8b 81       	ldd	r24, Y+3	; 0x03
     ce2:	9c 81       	ldd	r25, Y+4	; 0x04
     ce4:	83 30       	cpi	r24, 0x03	; 3
     ce6:	91 05       	cpc	r25, r1
     ce8:	81 f0       	breq	.+32     	; 0xd0a <DIO_SetPortDirection+0x6c>
     cea:	13 c0       	rjmp	.+38     	; 0xd12 <DIO_SetPortDirection+0x74>
    {
        case DIO_PORTA:
            DDRA = Copy_u8Direction;
     cec:	ea e3       	ldi	r30, 0x3A	; 58
     cee:	f0 e0       	ldi	r31, 0x00	; 0
     cf0:	8a 81       	ldd	r24, Y+2	; 0x02
     cf2:	80 83       	st	Z, r24
     cf4:	0e c0       	rjmp	.+28     	; 0xd12 <DIO_SetPortDirection+0x74>
            break;

        case DIO_PORTB:
            DDRB = Copy_u8Direction;
     cf6:	e7 e3       	ldi	r30, 0x37	; 55
     cf8:	f0 e0       	ldi	r31, 0x00	; 0
     cfa:	8a 81       	ldd	r24, Y+2	; 0x02
     cfc:	80 83       	st	Z, r24
     cfe:	09 c0       	rjmp	.+18     	; 0xd12 <DIO_SetPortDirection+0x74>
            break;

        case DIO_PORTC:
            DDRC = Copy_u8Direction;
     d00:	e4 e3       	ldi	r30, 0x34	; 52
     d02:	f0 e0       	ldi	r31, 0x00	; 0
     d04:	8a 81       	ldd	r24, Y+2	; 0x02
     d06:	80 83       	st	Z, r24
     d08:	04 c0       	rjmp	.+8      	; 0xd12 <DIO_SetPortDirection+0x74>
            break;

        case DIO_PORTD:
            DDRD = Copy_u8Direction;
     d0a:	e1 e3       	ldi	r30, 0x31	; 49
     d0c:	f0 e0       	ldi	r31, 0x00	; 0
     d0e:	8a 81       	ldd	r24, Y+2	; 0x02
     d10:	80 83       	st	Z, r24
            break;
    }
}
     d12:	0f 90       	pop	r0
     d14:	0f 90       	pop	r0
     d16:	0f 90       	pop	r0
     d18:	0f 90       	pop	r0
     d1a:	cf 91       	pop	r28
     d1c:	df 91       	pop	r29
     d1e:	08 95       	ret

00000d20 <DIO_SetPortValue>:


void DIO_SetPortValue(u8 Copy_u8Port, u8 Copy_u8Value)
{
     d20:	df 93       	push	r29
     d22:	cf 93       	push	r28
     d24:	00 d0       	rcall	.+0      	; 0xd26 <DIO_SetPortValue+0x6>
     d26:	00 d0       	rcall	.+0      	; 0xd28 <DIO_SetPortValue+0x8>
     d28:	cd b7       	in	r28, 0x3d	; 61
     d2a:	de b7       	in	r29, 0x3e	; 62
     d2c:	89 83       	std	Y+1, r24	; 0x01
     d2e:	6a 83       	std	Y+2, r22	; 0x02
    switch(Copy_u8Port)
     d30:	89 81       	ldd	r24, Y+1	; 0x01
     d32:	28 2f       	mov	r18, r24
     d34:	30 e0       	ldi	r19, 0x00	; 0
     d36:	3c 83       	std	Y+4, r19	; 0x04
     d38:	2b 83       	std	Y+3, r18	; 0x03
     d3a:	8b 81       	ldd	r24, Y+3	; 0x03
     d3c:	9c 81       	ldd	r25, Y+4	; 0x04
     d3e:	81 30       	cpi	r24, 0x01	; 1
     d40:	91 05       	cpc	r25, r1
     d42:	d1 f0       	breq	.+52     	; 0xd78 <DIO_SetPortValue+0x58>
     d44:	2b 81       	ldd	r18, Y+3	; 0x03
     d46:	3c 81       	ldd	r19, Y+4	; 0x04
     d48:	22 30       	cpi	r18, 0x02	; 2
     d4a:	31 05       	cpc	r19, r1
     d4c:	2c f4       	brge	.+10     	; 0xd58 <DIO_SetPortValue+0x38>
     d4e:	8b 81       	ldd	r24, Y+3	; 0x03
     d50:	9c 81       	ldd	r25, Y+4	; 0x04
     d52:	00 97       	sbiw	r24, 0x00	; 0
     d54:	61 f0       	breq	.+24     	; 0xd6e <DIO_SetPortValue+0x4e>
     d56:	1e c0       	rjmp	.+60     	; 0xd94 <DIO_SetPortValue+0x74>
     d58:	2b 81       	ldd	r18, Y+3	; 0x03
     d5a:	3c 81       	ldd	r19, Y+4	; 0x04
     d5c:	22 30       	cpi	r18, 0x02	; 2
     d5e:	31 05       	cpc	r19, r1
     d60:	81 f0       	breq	.+32     	; 0xd82 <DIO_SetPortValue+0x62>
     d62:	8b 81       	ldd	r24, Y+3	; 0x03
     d64:	9c 81       	ldd	r25, Y+4	; 0x04
     d66:	83 30       	cpi	r24, 0x03	; 3
     d68:	91 05       	cpc	r25, r1
     d6a:	81 f0       	breq	.+32     	; 0xd8c <DIO_SetPortValue+0x6c>
     d6c:	13 c0       	rjmp	.+38     	; 0xd94 <DIO_SetPortValue+0x74>
    {
        case DIO_PORTA:
            PORTA = Copy_u8Value;
     d6e:	eb e3       	ldi	r30, 0x3B	; 59
     d70:	f0 e0       	ldi	r31, 0x00	; 0
     d72:	8a 81       	ldd	r24, Y+2	; 0x02
     d74:	80 83       	st	Z, r24
     d76:	0e c0       	rjmp	.+28     	; 0xd94 <DIO_SetPortValue+0x74>
            break;

        case DIO_PORTB:
            PORTB = Copy_u8Value;
     d78:	e8 e3       	ldi	r30, 0x38	; 56
     d7a:	f0 e0       	ldi	r31, 0x00	; 0
     d7c:	8a 81       	ldd	r24, Y+2	; 0x02
     d7e:	80 83       	st	Z, r24
     d80:	09 c0       	rjmp	.+18     	; 0xd94 <DIO_SetPortValue+0x74>
            break;

        case DIO_PORTC:
            PORTC = Copy_u8Value;
     d82:	e5 e3       	ldi	r30, 0x35	; 53
     d84:	f0 e0       	ldi	r31, 0x00	; 0
     d86:	8a 81       	ldd	r24, Y+2	; 0x02
     d88:	80 83       	st	Z, r24
     d8a:	04 c0       	rjmp	.+8      	; 0xd94 <DIO_SetPortValue+0x74>
            break;

        case DIO_PORTD:
            PORTD = Copy_u8Value;
     d8c:	e2 e3       	ldi	r30, 0x32	; 50
     d8e:	f0 e0       	ldi	r31, 0x00	; 0
     d90:	8a 81       	ldd	r24, Y+2	; 0x02
     d92:	80 83       	st	Z, r24
            break;
    }
}
     d94:	0f 90       	pop	r0
     d96:	0f 90       	pop	r0
     d98:	0f 90       	pop	r0
     d9a:	0f 90       	pop	r0
     d9c:	cf 91       	pop	r28
     d9e:	df 91       	pop	r29
     da0:	08 95       	ret

00000da2 <DIO_SetPinDirection>:


void DIO_SetPinDirection(u8 Copy_u8Port,
                         u8 Copy_u8Pin,
                         u8 Copy_u8Direction)
{
     da2:	df 93       	push	r29
     da4:	cf 93       	push	r28
     da6:	00 d0       	rcall	.+0      	; 0xda8 <DIO_SetPinDirection+0x6>
     da8:	00 d0       	rcall	.+0      	; 0xdaa <DIO_SetPinDirection+0x8>
     daa:	0f 92       	push	r0
     dac:	cd b7       	in	r28, 0x3d	; 61
     dae:	de b7       	in	r29, 0x3e	; 62
     db0:	89 83       	std	Y+1, r24	; 0x01
     db2:	6a 83       	std	Y+2, r22	; 0x02
     db4:	4b 83       	std	Y+3, r20	; 0x03
    switch(Copy_u8Port)
     db6:	89 81       	ldd	r24, Y+1	; 0x01
     db8:	28 2f       	mov	r18, r24
     dba:	30 e0       	ldi	r19, 0x00	; 0
     dbc:	3d 83       	std	Y+5, r19	; 0x05
     dbe:	2c 83       	std	Y+4, r18	; 0x04
     dc0:	8c 81       	ldd	r24, Y+4	; 0x04
     dc2:	9d 81       	ldd	r25, Y+5	; 0x05
     dc4:	81 30       	cpi	r24, 0x01	; 1
     dc6:	91 05       	cpc	r25, r1
     dc8:	09 f4       	brne	.+2      	; 0xdcc <DIO_SetPinDirection+0x2a>
     dca:	43 c0       	rjmp	.+134    	; 0xe52 <DIO_SetPinDirection+0xb0>
     dcc:	2c 81       	ldd	r18, Y+4	; 0x04
     dce:	3d 81       	ldd	r19, Y+5	; 0x05
     dd0:	22 30       	cpi	r18, 0x02	; 2
     dd2:	31 05       	cpc	r19, r1
     dd4:	2c f4       	brge	.+10     	; 0xde0 <DIO_SetPinDirection+0x3e>
     dd6:	8c 81       	ldd	r24, Y+4	; 0x04
     dd8:	9d 81       	ldd	r25, Y+5	; 0x05
     dda:	00 97       	sbiw	r24, 0x00	; 0
     ddc:	71 f0       	breq	.+28     	; 0xdfa <DIO_SetPinDirection+0x58>
     dde:	bc c0       	rjmp	.+376    	; 0xf58 <DIO_SetPinDirection+0x1b6>
     de0:	2c 81       	ldd	r18, Y+4	; 0x04
     de2:	3d 81       	ldd	r19, Y+5	; 0x05
     de4:	22 30       	cpi	r18, 0x02	; 2
     de6:	31 05       	cpc	r19, r1
     de8:	09 f4       	brne	.+2      	; 0xdec <DIO_SetPinDirection+0x4a>
     dea:	5f c0       	rjmp	.+190    	; 0xeaa <DIO_SetPinDirection+0x108>
     dec:	8c 81       	ldd	r24, Y+4	; 0x04
     dee:	9d 81       	ldd	r25, Y+5	; 0x05
     df0:	83 30       	cpi	r24, 0x03	; 3
     df2:	91 05       	cpc	r25, r1
     df4:	09 f4       	brne	.+2      	; 0xdf8 <DIO_SetPinDirection+0x56>
     df6:	85 c0       	rjmp	.+266    	; 0xf02 <DIO_SetPinDirection+0x160>
     df8:	af c0       	rjmp	.+350    	; 0xf58 <DIO_SetPinDirection+0x1b6>
    {
        case DIO_PORTA:

            if(Copy_u8Direction == DIO_OUTPUT)
     dfa:	8b 81       	ldd	r24, Y+3	; 0x03
     dfc:	81 30       	cpi	r24, 0x01	; 1
     dfe:	a1 f4       	brne	.+40     	; 0xe28 <DIO_SetPinDirection+0x86>
            {
                SET_BIT(DDRA, Copy_u8Pin);
     e00:	aa e3       	ldi	r26, 0x3A	; 58
     e02:	b0 e0       	ldi	r27, 0x00	; 0
     e04:	ea e3       	ldi	r30, 0x3A	; 58
     e06:	f0 e0       	ldi	r31, 0x00	; 0
     e08:	80 81       	ld	r24, Z
     e0a:	48 2f       	mov	r20, r24
     e0c:	8a 81       	ldd	r24, Y+2	; 0x02
     e0e:	28 2f       	mov	r18, r24
     e10:	30 e0       	ldi	r19, 0x00	; 0
     e12:	81 e0       	ldi	r24, 0x01	; 1
     e14:	90 e0       	ldi	r25, 0x00	; 0
     e16:	02 2e       	mov	r0, r18
     e18:	02 c0       	rjmp	.+4      	; 0xe1e <DIO_SetPinDirection+0x7c>
     e1a:	88 0f       	add	r24, r24
     e1c:	99 1f       	adc	r25, r25
     e1e:	0a 94       	dec	r0
     e20:	e2 f7       	brpl	.-8      	; 0xe1a <DIO_SetPinDirection+0x78>
     e22:	84 2b       	or	r24, r20
     e24:	8c 93       	st	X, r24
     e26:	98 c0       	rjmp	.+304    	; 0xf58 <DIO_SetPinDirection+0x1b6>
            }
            else
            {
                CLR_BIT(DDRA, Copy_u8Pin);
     e28:	aa e3       	ldi	r26, 0x3A	; 58
     e2a:	b0 e0       	ldi	r27, 0x00	; 0
     e2c:	ea e3       	ldi	r30, 0x3A	; 58
     e2e:	f0 e0       	ldi	r31, 0x00	; 0
     e30:	80 81       	ld	r24, Z
     e32:	48 2f       	mov	r20, r24
     e34:	8a 81       	ldd	r24, Y+2	; 0x02
     e36:	28 2f       	mov	r18, r24
     e38:	30 e0       	ldi	r19, 0x00	; 0
     e3a:	81 e0       	ldi	r24, 0x01	; 1
     e3c:	90 e0       	ldi	r25, 0x00	; 0
     e3e:	02 2e       	mov	r0, r18
     e40:	02 c0       	rjmp	.+4      	; 0xe46 <DIO_SetPinDirection+0xa4>
     e42:	88 0f       	add	r24, r24
     e44:	99 1f       	adc	r25, r25
     e46:	0a 94       	dec	r0
     e48:	e2 f7       	brpl	.-8      	; 0xe42 <DIO_SetPinDirection+0xa0>
     e4a:	80 95       	com	r24
     e4c:	84 23       	and	r24, r20
     e4e:	8c 93       	st	X, r24
     e50:	83 c0       	rjmp	.+262    	; 0xf58 <DIO_SetPinDirection+0x1b6>
            break;


        case DIO_PORTB:

            if(Copy_u8Direction == DIO_OUTPUT)
     e52:	8b 81       	ldd	r24, Y+3	; 0x03
     e54:	81 30       	cpi	r24, 0x01	; 1
     e56:	a1 f4       	brne	.+40     	; 0xe80 <DIO_SetPinDirection+0xde>
            {
                SET_BIT(DDRB, Copy_u8Pin);
     e58:	a7 e3       	ldi	r26, 0x37	; 55
     e5a:	b0 e0       	ldi	r27, 0x00	; 0
     e5c:	e7 e3       	ldi	r30, 0x37	; 55
     e5e:	f0 e0       	ldi	r31, 0x00	; 0
     e60:	80 81       	ld	r24, Z
     e62:	48 2f       	mov	r20, r24
     e64:	8a 81       	ldd	r24, Y+2	; 0x02
     e66:	28 2f       	mov	r18, r24
     e68:	30 e0       	ldi	r19, 0x00	; 0
     e6a:	81 e0       	ldi	r24, 0x01	; 1
     e6c:	90 e0       	ldi	r25, 0x00	; 0
     e6e:	02 2e       	mov	r0, r18
     e70:	02 c0       	rjmp	.+4      	; 0xe76 <DIO_SetPinDirection+0xd4>
     e72:	88 0f       	add	r24, r24
     e74:	99 1f       	adc	r25, r25
     e76:	0a 94       	dec	r0
     e78:	e2 f7       	brpl	.-8      	; 0xe72 <DIO_SetPinDirection+0xd0>
     e7a:	84 2b       	or	r24, r20
     e7c:	8c 93       	st	X, r24
     e7e:	6c c0       	rjmp	.+216    	; 0xf58 <DIO_SetPinDirection+0x1b6>
            }
            else
            {
                CLR_BIT(DDRB, Copy_u8Pin);
     e80:	a7 e3       	ldi	r26, 0x37	; 55
     e82:	b0 e0       	ldi	r27, 0x00	; 0
     e84:	e7 e3       	ldi	r30, 0x37	; 55
     e86:	f0 e0       	ldi	r31, 0x00	; 0
     e88:	80 81       	ld	r24, Z
     e8a:	48 2f       	mov	r20, r24
     e8c:	8a 81       	ldd	r24, Y+2	; 0x02
     e8e:	28 2f       	mov	r18, r24
     e90:	30 e0       	ldi	r19, 0x00	; 0
     e92:	81 e0       	ldi	r24, 0x01	; 1
     e94:	90 e0       	ldi	r25, 0x00	; 0
     e96:	02 2e       	mov	r0, r18
     e98:	02 c0       	rjmp	.+4      	; 0xe9e <DIO_SetPinDirection+0xfc>
     e9a:	88 0f       	add	r24, r24
     e9c:	99 1f       	adc	r25, r25
     e9e:	0a 94       	dec	r0
     ea0:	e2 f7       	brpl	.-8      	; 0xe9a <DIO_SetPinDirection+0xf8>
     ea2:	80 95       	com	r24
     ea4:	84 23       	and	r24, r20
     ea6:	8c 93       	st	X, r24
     ea8:	57 c0       	rjmp	.+174    	; 0xf58 <DIO_SetPinDirection+0x1b6>
            break;


        case DIO_PORTC:

            if(Copy_u8Direction == DIO_OUTPUT)
     eaa:	8b 81       	ldd	r24, Y+3	; 0x03
     eac:	81 30       	cpi	r24, 0x01	; 1
     eae:	a1 f4       	brne	.+40     	; 0xed8 <DIO_SetPinDirection+0x136>
            {
                SET_BIT(DDRC, Copy_u8Pin);
     eb0:	a4 e3       	ldi	r26, 0x34	; 52
     eb2:	b0 e0       	ldi	r27, 0x00	; 0
     eb4:	e4 e3       	ldi	r30, 0x34	; 52
     eb6:	f0 e0       	ldi	r31, 0x00	; 0
     eb8:	80 81       	ld	r24, Z
     eba:	48 2f       	mov	r20, r24
     ebc:	8a 81       	ldd	r24, Y+2	; 0x02
     ebe:	28 2f       	mov	r18, r24
     ec0:	30 e0       	ldi	r19, 0x00	; 0
     ec2:	81 e0       	ldi	r24, 0x01	; 1
     ec4:	90 e0       	ldi	r25, 0x00	; 0
     ec6:	02 2e       	mov	r0, r18
     ec8:	02 c0       	rjmp	.+4      	; 0xece <DIO_SetPinDirection+0x12c>
     eca:	88 0f       	add	r24, r24
     ecc:	99 1f       	adc	r25, r25
     ece:	0a 94       	dec	r0
     ed0:	e2 f7       	brpl	.-8      	; 0xeca <DIO_SetPinDirection+0x128>
     ed2:	84 2b       	or	r24, r20
     ed4:	8c 93       	st	X, r24
     ed6:	40 c0       	rjmp	.+128    	; 0xf58 <DIO_SetPinDirection+0x1b6>
            }
            else
            {
                CLR_BIT(DDRC, Copy_u8Pin);
     ed8:	a4 e3       	ldi	r26, 0x34	; 52
     eda:	b0 e0       	ldi	r27, 0x00	; 0
     edc:	e4 e3       	ldi	r30, 0x34	; 52
     ede:	f0 e0       	ldi	r31, 0x00	; 0
     ee0:	80 81       	ld	r24, Z
     ee2:	48 2f       	mov	r20, r24
     ee4:	8a 81       	ldd	r24, Y+2	; 0x02
     ee6:	28 2f       	mov	r18, r24
     ee8:	30 e0       	ldi	r19, 0x00	; 0
     eea:	81 e0       	ldi	r24, 0x01	; 1
     eec:	90 e0       	ldi	r25, 0x00	; 0
     eee:	02 2e       	mov	r0, r18
     ef0:	02 c0       	rjmp	.+4      	; 0xef6 <DIO_SetPinDirection+0x154>
     ef2:	88 0f       	add	r24, r24
     ef4:	99 1f       	adc	r25, r25
     ef6:	0a 94       	dec	r0
     ef8:	e2 f7       	brpl	.-8      	; 0xef2 <DIO_SetPinDirection+0x150>
     efa:	80 95       	com	r24
     efc:	84 23       	and	r24, r20
     efe:	8c 93       	st	X, r24
     f00:	2b c0       	rjmp	.+86     	; 0xf58 <DIO_SetPinDirection+0x1b6>
            break;


        case DIO_PORTD:

            if(Copy_u8Direction == DIO_OUTPUT)
     f02:	8b 81       	ldd	r24, Y+3	; 0x03
     f04:	81 30       	cpi	r24, 0x01	; 1
     f06:	a1 f4       	brne	.+40     	; 0xf30 <DIO_SetPinDirection+0x18e>
            {
                SET_BIT(DDRD, Copy_u8Pin);
     f08:	a1 e3       	ldi	r26, 0x31	; 49
     f0a:	b0 e0       	ldi	r27, 0x00	; 0
     f0c:	e1 e3       	ldi	r30, 0x31	; 49
     f0e:	f0 e0       	ldi	r31, 0x00	; 0
     f10:	80 81       	ld	r24, Z
     f12:	48 2f       	mov	r20, r24
     f14:	8a 81       	ldd	r24, Y+2	; 0x02
     f16:	28 2f       	mov	r18, r24
     f18:	30 e0       	ldi	r19, 0x00	; 0
     f1a:	81 e0       	ldi	r24, 0x01	; 1
     f1c:	90 e0       	ldi	r25, 0x00	; 0
     f1e:	02 2e       	mov	r0, r18
     f20:	02 c0       	rjmp	.+4      	; 0xf26 <DIO_SetPinDirection+0x184>
     f22:	88 0f       	add	r24, r24
     f24:	99 1f       	adc	r25, r25
     f26:	0a 94       	dec	r0
     f28:	e2 f7       	brpl	.-8      	; 0xf22 <DIO_SetPinDirection+0x180>
     f2a:	84 2b       	or	r24, r20
     f2c:	8c 93       	st	X, r24
     f2e:	14 c0       	rjmp	.+40     	; 0xf58 <DIO_SetPinDirection+0x1b6>
            }
            else
            {
                CLR_BIT(DDRD, Copy_u8Pin);
     f30:	a1 e3       	ldi	r26, 0x31	; 49
     f32:	b0 e0       	ldi	r27, 0x00	; 0
     f34:	e1 e3       	ldi	r30, 0x31	; 49
     f36:	f0 e0       	ldi	r31, 0x00	; 0
     f38:	80 81       	ld	r24, Z
     f3a:	48 2f       	mov	r20, r24
     f3c:	8a 81       	ldd	r24, Y+2	; 0x02
     f3e:	28 2f       	mov	r18, r24
     f40:	30 e0       	ldi	r19, 0x00	; 0
     f42:	81 e0       	ldi	r24, 0x01	; 1
     f44:	90 e0       	ldi	r25, 0x00	; 0
     f46:	02 2e       	mov	r0, r18
     f48:	02 c0       	rjmp	.+4      	; 0xf4e <DIO_SetPinDirection+0x1ac>
     f4a:	88 0f       	add	r24, r24
     f4c:	99 1f       	adc	r25, r25
     f4e:	0a 94       	dec	r0
     f50:	e2 f7       	brpl	.-8      	; 0xf4a <DIO_SetPinDirection+0x1a8>
     f52:	80 95       	com	r24
     f54:	84 23       	and	r24, r20
     f56:	8c 93       	st	X, r24
            }

            break;
    }
}
     f58:	0f 90       	pop	r0
     f5a:	0f 90       	pop	r0
     f5c:	0f 90       	pop	r0
     f5e:	0f 90       	pop	r0
     f60:	0f 90       	pop	r0
     f62:	cf 91       	pop	r28
     f64:	df 91       	pop	r29
     f66:	08 95       	ret

00000f68 <DIO_SetPinValue>:


void DIO_SetPinValue(u8 Copy_u8Port,
                     u8 Copy_u8Pin,
                     u8 Copy_u8Value)
{
     f68:	df 93       	push	r29
     f6a:	cf 93       	push	r28
     f6c:	00 d0       	rcall	.+0      	; 0xf6e <DIO_SetPinValue+0x6>
     f6e:	00 d0       	rcall	.+0      	; 0xf70 <DIO_SetPinValue+0x8>
     f70:	0f 92       	push	r0
     f72:	cd b7       	in	r28, 0x3d	; 61
     f74:	de b7       	in	r29, 0x3e	; 62
     f76:	89 83       	std	Y+1, r24	; 0x01
     f78:	6a 83       	std	Y+2, r22	; 0x02
     f7a:	4b 83       	std	Y+3, r20	; 0x03
    switch(Copy_u8Port)
     f7c:	89 81       	ldd	r24, Y+1	; 0x01
     f7e:	28 2f       	mov	r18, r24
     f80:	30 e0       	ldi	r19, 0x00	; 0
     f82:	3d 83       	std	Y+5, r19	; 0x05
     f84:	2c 83       	std	Y+4, r18	; 0x04
     f86:	8c 81       	ldd	r24, Y+4	; 0x04
     f88:	9d 81       	ldd	r25, Y+5	; 0x05
     f8a:	81 30       	cpi	r24, 0x01	; 1
     f8c:	91 05       	cpc	r25, r1
     f8e:	09 f4       	brne	.+2      	; 0xf92 <DIO_SetPinValue+0x2a>
     f90:	43 c0       	rjmp	.+134    	; 0x1018 <DIO_SetPinValue+0xb0>
     f92:	2c 81       	ldd	r18, Y+4	; 0x04
     f94:	3d 81       	ldd	r19, Y+5	; 0x05
     f96:	22 30       	cpi	r18, 0x02	; 2
     f98:	31 05       	cpc	r19, r1
     f9a:	2c f4       	brge	.+10     	; 0xfa6 <DIO_SetPinValue+0x3e>
     f9c:	8c 81       	ldd	r24, Y+4	; 0x04
     f9e:	9d 81       	ldd	r25, Y+5	; 0x05
     fa0:	00 97       	sbiw	r24, 0x00	; 0
     fa2:	71 f0       	breq	.+28     	; 0xfc0 <DIO_SetPinValue+0x58>
     fa4:	bc c0       	rjmp	.+376    	; 0x111e <DIO_SetPinValue+0x1b6>
     fa6:	2c 81       	ldd	r18, Y+4	; 0x04
     fa8:	3d 81       	ldd	r19, Y+5	; 0x05
     faa:	22 30       	cpi	r18, 0x02	; 2
     fac:	31 05       	cpc	r19, r1
     fae:	09 f4       	brne	.+2      	; 0xfb2 <DIO_SetPinValue+0x4a>
     fb0:	5f c0       	rjmp	.+190    	; 0x1070 <DIO_SetPinValue+0x108>
     fb2:	8c 81       	ldd	r24, Y+4	; 0x04
     fb4:	9d 81       	ldd	r25, Y+5	; 0x05
     fb6:	83 30       	cpi	r24, 0x03	; 3
     fb8:	91 05       	cpc	r25, r1
     fba:	09 f4       	brne	.+2      	; 0xfbe <DIO_SetPinValue+0x56>
     fbc:	85 c0       	rjmp	.+266    	; 0x10c8 <DIO_SetPinValue+0x160>
     fbe:	af c0       	rjmp	.+350    	; 0x111e <DIO_SetPinValue+0x1b6>
    {
        case DIO_PORTA:

            if(Copy_u8Value == DIO_HIGH)
     fc0:	8b 81       	ldd	r24, Y+3	; 0x03
     fc2:	81 30       	cpi	r24, 0x01	; 1
     fc4:	a1 f4       	brne	.+40     	; 0xfee <DIO_SetPinValue+0x86>
            {
                SET_BIT(PORTA, Copy_u8Pin);
     fc6:	ab e3       	ldi	r26, 0x3B	; 59
     fc8:	b0 e0       	ldi	r27, 0x00	; 0
     fca:	eb e3       	ldi	r30, 0x3B	; 59
     fcc:	f0 e0       	ldi	r31, 0x00	; 0
     fce:	80 81       	ld	r24, Z
     fd0:	48 2f       	mov	r20, r24
     fd2:	8a 81       	ldd	r24, Y+2	; 0x02
     fd4:	28 2f       	mov	r18, r24
     fd6:	30 e0       	ldi	r19, 0x00	; 0
     fd8:	81 e0       	ldi	r24, 0x01	; 1
     fda:	90 e0       	ldi	r25, 0x00	; 0
     fdc:	02 2e       	mov	r0, r18
     fde:	02 c0       	rjmp	.+4      	; 0xfe4 <DIO_SetPinValue+0x7c>
     fe0:	88 0f       	add	r24, r24
     fe2:	99 1f       	adc	r25, r25
     fe4:	0a 94       	dec	r0
     fe6:	e2 f7       	brpl	.-8      	; 0xfe0 <DIO_SetPinValue+0x78>
     fe8:	84 2b       	or	r24, r20
     fea:	8c 93       	st	X, r24
     fec:	98 c0       	rjmp	.+304    	; 0x111e <DIO_SetPinValue+0x1b6>
            }
            else
            {
                CLR_BIT(PORTA, Copy_u8Pin);
     fee:	ab e3       	ldi	r26, 0x3B	; 59
     ff0:	b0 e0       	ldi	r27, 0x00	; 0
     ff2:	eb e3       	ldi	r30, 0x3B	; 59
     ff4:	f0 e0       	ldi	r31, 0x00	; 0
     ff6:	80 81       	ld	r24, Z
     ff8:	48 2f       	mov	r20, r24
     ffa:	8a 81       	ldd	r24, Y+2	; 0x02
     ffc:	28 2f       	mov	r18, r24
     ffe:	30 e0       	ldi	r19, 0x00	; 0
    1000:	81 e0       	ldi	r24, 0x01	; 1
    1002:	90 e0       	ldi	r25, 0x00	; 0
    1004:	02 2e       	mov	r0, r18
    1006:	02 c0       	rjmp	.+4      	; 0x100c <DIO_SetPinValue+0xa4>
    1008:	88 0f       	add	r24, r24
    100a:	99 1f       	adc	r25, r25
    100c:	0a 94       	dec	r0
    100e:	e2 f7       	brpl	.-8      	; 0x1008 <DIO_SetPinValue+0xa0>
    1010:	80 95       	com	r24
    1012:	84 23       	and	r24, r20
    1014:	8c 93       	st	X, r24
    1016:	83 c0       	rjmp	.+262    	; 0x111e <DIO_SetPinValue+0x1b6>
            break;


        case DIO_PORTB:

            if(Copy_u8Value == DIO_HIGH)
    1018:	8b 81       	ldd	r24, Y+3	; 0x03
    101a:	81 30       	cpi	r24, 0x01	; 1
    101c:	a1 f4       	brne	.+40     	; 0x1046 <DIO_SetPinValue+0xde>
            {
                SET_BIT(PORTB, Copy_u8Pin);
    101e:	a8 e3       	ldi	r26, 0x38	; 56
    1020:	b0 e0       	ldi	r27, 0x00	; 0
    1022:	e8 e3       	ldi	r30, 0x38	; 56
    1024:	f0 e0       	ldi	r31, 0x00	; 0
    1026:	80 81       	ld	r24, Z
    1028:	48 2f       	mov	r20, r24
    102a:	8a 81       	ldd	r24, Y+2	; 0x02
    102c:	28 2f       	mov	r18, r24
    102e:	30 e0       	ldi	r19, 0x00	; 0
    1030:	81 e0       	ldi	r24, 0x01	; 1
    1032:	90 e0       	ldi	r25, 0x00	; 0
    1034:	02 2e       	mov	r0, r18
    1036:	02 c0       	rjmp	.+4      	; 0x103c <DIO_SetPinValue+0xd4>
    1038:	88 0f       	add	r24, r24
    103a:	99 1f       	adc	r25, r25
    103c:	0a 94       	dec	r0
    103e:	e2 f7       	brpl	.-8      	; 0x1038 <DIO_SetPinValue+0xd0>
    1040:	84 2b       	or	r24, r20
    1042:	8c 93       	st	X, r24
    1044:	6c c0       	rjmp	.+216    	; 0x111e <DIO_SetPinValue+0x1b6>
            }
            else
            {
                CLR_BIT(PORTB, Copy_u8Pin);
    1046:	a8 e3       	ldi	r26, 0x38	; 56
    1048:	b0 e0       	ldi	r27, 0x00	; 0
    104a:	e8 e3       	ldi	r30, 0x38	; 56
    104c:	f0 e0       	ldi	r31, 0x00	; 0
    104e:	80 81       	ld	r24, Z
    1050:	48 2f       	mov	r20, r24
    1052:	8a 81       	ldd	r24, Y+2	; 0x02
    1054:	28 2f       	mov	r18, r24
    1056:	30 e0       	ldi	r19, 0x00	; 0
    1058:	81 e0       	ldi	r24, 0x01	; 1
    105a:	90 e0       	ldi	r25, 0x00	; 0
    105c:	02 2e       	mov	r0, r18
    105e:	02 c0       	rjmp	.+4      	; 0x1064 <DIO_SetPinValue+0xfc>
    1060:	88 0f       	add	r24, r24
    1062:	99 1f       	adc	r25, r25
    1064:	0a 94       	dec	r0
    1066:	e2 f7       	brpl	.-8      	; 0x1060 <DIO_SetPinValue+0xf8>
    1068:	80 95       	com	r24
    106a:	84 23       	and	r24, r20
    106c:	8c 93       	st	X, r24
    106e:	57 c0       	rjmp	.+174    	; 0x111e <DIO_SetPinValue+0x1b6>
            break;


        case DIO_PORTC:

            if(Copy_u8Value == DIO_HIGH)
    1070:	8b 81       	ldd	r24, Y+3	; 0x03
    1072:	81 30       	cpi	r24, 0x01	; 1
    1074:	a1 f4       	brne	.+40     	; 0x109e <DIO_SetPinValue+0x136>
            {
                SET_BIT(PORTC, Copy_u8Pin);
    1076:	a5 e3       	ldi	r26, 0x35	; 53
    1078:	b0 e0       	ldi	r27, 0x00	; 0
    107a:	e5 e3       	ldi	r30, 0x35	; 53
    107c:	f0 e0       	ldi	r31, 0x00	; 0
    107e:	80 81       	ld	r24, Z
    1080:	48 2f       	mov	r20, r24
    1082:	8a 81       	ldd	r24, Y+2	; 0x02
    1084:	28 2f       	mov	r18, r24
    1086:	30 e0       	ldi	r19, 0x00	; 0
    1088:	81 e0       	ldi	r24, 0x01	; 1
    108a:	90 e0       	ldi	r25, 0x00	; 0
    108c:	02 2e       	mov	r0, r18
    108e:	02 c0       	rjmp	.+4      	; 0x1094 <DIO_SetPinValue+0x12c>
    1090:	88 0f       	add	r24, r24
    1092:	99 1f       	adc	r25, r25
    1094:	0a 94       	dec	r0
    1096:	e2 f7       	brpl	.-8      	; 0x1090 <DIO_SetPinValue+0x128>
    1098:	84 2b       	or	r24, r20
    109a:	8c 93       	st	X, r24
    109c:	40 c0       	rjmp	.+128    	; 0x111e <DIO_SetPinValue+0x1b6>
            }
            else
            {
                CLR_BIT(PORTC, Copy_u8Pin);
    109e:	a5 e3       	ldi	r26, 0x35	; 53
    10a0:	b0 e0       	ldi	r27, 0x00	; 0
    10a2:	e5 e3       	ldi	r30, 0x35	; 53
    10a4:	f0 e0       	ldi	r31, 0x00	; 0
    10a6:	80 81       	ld	r24, Z
    10a8:	48 2f       	mov	r20, r24
    10aa:	8a 81       	ldd	r24, Y+2	; 0x02
    10ac:	28 2f       	mov	r18, r24
    10ae:	30 e0       	ldi	r19, 0x00	; 0
    10b0:	81 e0       	ldi	r24, 0x01	; 1
    10b2:	90 e0       	ldi	r25, 0x00	; 0
    10b4:	02 2e       	mov	r0, r18
    10b6:	02 c0       	rjmp	.+4      	; 0x10bc <DIO_SetPinValue+0x154>
    10b8:	88 0f       	add	r24, r24
    10ba:	99 1f       	adc	r25, r25
    10bc:	0a 94       	dec	r0
    10be:	e2 f7       	brpl	.-8      	; 0x10b8 <DIO_SetPinValue+0x150>
    10c0:	80 95       	com	r24
    10c2:	84 23       	and	r24, r20
    10c4:	8c 93       	st	X, r24
    10c6:	2b c0       	rjmp	.+86     	; 0x111e <DIO_SetPinValue+0x1b6>
            break;


        case DIO_PORTD:

            if(Copy_u8Value == DIO_HIGH)
    10c8:	8b 81       	ldd	r24, Y+3	; 0x03
    10ca:	81 30       	cpi	r24, 0x01	; 1
    10cc:	a1 f4       	brne	.+40     	; 0x10f6 <DIO_SetPinValue+0x18e>
            {
                SET_BIT(PORTD, Copy_u8Pin);
    10ce:	a2 e3       	ldi	r26, 0x32	; 50
    10d0:	b0 e0       	ldi	r27, 0x00	; 0
    10d2:	e2 e3       	ldi	r30, 0x32	; 50
    10d4:	f0 e0       	ldi	r31, 0x00	; 0
    10d6:	80 81       	ld	r24, Z
    10d8:	48 2f       	mov	r20, r24
    10da:	8a 81       	ldd	r24, Y+2	; 0x02
    10dc:	28 2f       	mov	r18, r24
    10de:	30 e0       	ldi	r19, 0x00	; 0
    10e0:	81 e0       	ldi	r24, 0x01	; 1
    10e2:	90 e0       	ldi	r25, 0x00	; 0
    10e4:	02 2e       	mov	r0, r18
    10e6:	02 c0       	rjmp	.+4      	; 0x10ec <DIO_SetPinValue+0x184>
    10e8:	88 0f       	add	r24, r24
    10ea:	99 1f       	adc	r25, r25
    10ec:	0a 94       	dec	r0
    10ee:	e2 f7       	brpl	.-8      	; 0x10e8 <DIO_SetPinValue+0x180>
    10f0:	84 2b       	or	r24, r20
    10f2:	8c 93       	st	X, r24
    10f4:	14 c0       	rjmp	.+40     	; 0x111e <DIO_SetPinValue+0x1b6>
            }
            else
            {
                CLR_BIT(PORTD, Copy_u8Pin);
    10f6:	a2 e3       	ldi	r26, 0x32	; 50
    10f8:	b0 e0       	ldi	r27, 0x00	; 0
    10fa:	e2 e3       	ldi	r30, 0x32	; 50
    10fc:	f0 e0       	ldi	r31, 0x00	; 0
    10fe:	80 81       	ld	r24, Z
    1100:	48 2f       	mov	r20, r24
    1102:	8a 81       	ldd	r24, Y+2	; 0x02
    1104:	28 2f       	mov	r18, r24
    1106:	30 e0       	ldi	r19, 0x00	; 0
    1108:	81 e0       	ldi	r24, 0x01	; 1
    110a:	90 e0       	ldi	r25, 0x00	; 0
    110c:	02 2e       	mov	r0, r18
    110e:	02 c0       	rjmp	.+4      	; 0x1114 <DIO_SetPinValue+0x1ac>
    1110:	88 0f       	add	r24, r24
    1112:	99 1f       	adc	r25, r25
    1114:	0a 94       	dec	r0
    1116:	e2 f7       	brpl	.-8      	; 0x1110 <DIO_SetPinValue+0x1a8>
    1118:	80 95       	com	r24
    111a:	84 23       	and	r24, r20
    111c:	8c 93       	st	X, r24
            }

            break;
    }
}
    111e:	0f 90       	pop	r0
    1120:	0f 90       	pop	r0
    1122:	0f 90       	pop	r0
    1124:	0f 90       	pop	r0
    1126:	0f 90       	pop	r0
    1128:	cf 91       	pop	r28
    112a:	df 91       	pop	r29
    112c:	08 95       	ret

0000112e <DIO_GetPinValue>:


void DIO_GetPinValue(u8 Copy_u8Port,
                     u8 Copy_u8Pin,
                     u8 *Copy_pu8Value)
{
    112e:	df 93       	push	r29
    1130:	cf 93       	push	r28
    1132:	00 d0       	rcall	.+0      	; 0x1134 <DIO_GetPinValue+0x6>
    1134:	00 d0       	rcall	.+0      	; 0x1136 <DIO_GetPinValue+0x8>
    1136:	00 d0       	rcall	.+0      	; 0x1138 <DIO_GetPinValue+0xa>
    1138:	cd b7       	in	r28, 0x3d	; 61
    113a:	de b7       	in	r29, 0x3e	; 62
    113c:	89 83       	std	Y+1, r24	; 0x01
    113e:	6a 83       	std	Y+2, r22	; 0x02
    1140:	5c 83       	std	Y+4, r21	; 0x04
    1142:	4b 83       	std	Y+3, r20	; 0x03
    switch(Copy_u8Port)
    1144:	89 81       	ldd	r24, Y+1	; 0x01
    1146:	28 2f       	mov	r18, r24
    1148:	30 e0       	ldi	r19, 0x00	; 0
    114a:	3e 83       	std	Y+6, r19	; 0x06
    114c:	2d 83       	std	Y+5, r18	; 0x05
    114e:	4d 81       	ldd	r20, Y+5	; 0x05
    1150:	5e 81       	ldd	r21, Y+6	; 0x06
    1152:	41 30       	cpi	r20, 0x01	; 1
    1154:	51 05       	cpc	r21, r1
    1156:	59 f1       	breq	.+86     	; 0x11ae <DIO_GetPinValue+0x80>
    1158:	8d 81       	ldd	r24, Y+5	; 0x05
    115a:	9e 81       	ldd	r25, Y+6	; 0x06
    115c:	82 30       	cpi	r24, 0x02	; 2
    115e:	91 05       	cpc	r25, r1
    1160:	34 f4       	brge	.+12     	; 0x116e <DIO_GetPinValue+0x40>
    1162:	2d 81       	ldd	r18, Y+5	; 0x05
    1164:	3e 81       	ldd	r19, Y+6	; 0x06
    1166:	21 15       	cp	r18, r1
    1168:	31 05       	cpc	r19, r1
    116a:	69 f0       	breq	.+26     	; 0x1186 <DIO_GetPinValue+0x58>
    116c:	5b c0       	rjmp	.+182    	; 0x1224 <DIO_GetPinValue+0xf6>
    116e:	4d 81       	ldd	r20, Y+5	; 0x05
    1170:	5e 81       	ldd	r21, Y+6	; 0x06
    1172:	42 30       	cpi	r20, 0x02	; 2
    1174:	51 05       	cpc	r21, r1
    1176:	79 f1       	breq	.+94     	; 0x11d6 <DIO_GetPinValue+0xa8>
    1178:	8d 81       	ldd	r24, Y+5	; 0x05
    117a:	9e 81       	ldd	r25, Y+6	; 0x06
    117c:	83 30       	cpi	r24, 0x03	; 3
    117e:	91 05       	cpc	r25, r1
    1180:	09 f4       	brne	.+2      	; 0x1184 <DIO_GetPinValue+0x56>
    1182:	3d c0       	rjmp	.+122    	; 0x11fe <DIO_GetPinValue+0xd0>
    1184:	4f c0       	rjmp	.+158    	; 0x1224 <DIO_GetPinValue+0xf6>
    {
        case DIO_PORTA:

            *Copy_pu8Value = GET_BIT(PINA, Copy_u8Pin);
    1186:	e9 e3       	ldi	r30, 0x39	; 57
    1188:	f0 e0       	ldi	r31, 0x00	; 0
    118a:	80 81       	ld	r24, Z
    118c:	28 2f       	mov	r18, r24
    118e:	30 e0       	ldi	r19, 0x00	; 0
    1190:	8a 81       	ldd	r24, Y+2	; 0x02
    1192:	88 2f       	mov	r24, r24
    1194:	90 e0       	ldi	r25, 0x00	; 0
    1196:	a9 01       	movw	r20, r18
    1198:	02 c0       	rjmp	.+4      	; 0x119e <DIO_GetPinValue+0x70>
    119a:	55 95       	asr	r21
    119c:	47 95       	ror	r20
    119e:	8a 95       	dec	r24
    11a0:	e2 f7       	brpl	.-8      	; 0x119a <DIO_GetPinValue+0x6c>
    11a2:	ca 01       	movw	r24, r20
    11a4:	81 70       	andi	r24, 0x01	; 1
    11a6:	eb 81       	ldd	r30, Y+3	; 0x03
    11a8:	fc 81       	ldd	r31, Y+4	; 0x04
    11aa:	80 83       	st	Z, r24
    11ac:	3b c0       	rjmp	.+118    	; 0x1224 <DIO_GetPinValue+0xf6>
            break;


        case DIO_PORTB:

            *Copy_pu8Value = GET_BIT(PINB, Copy_u8Pin);
    11ae:	e6 e3       	ldi	r30, 0x36	; 54
    11b0:	f0 e0       	ldi	r31, 0x00	; 0
    11b2:	80 81       	ld	r24, Z
    11b4:	28 2f       	mov	r18, r24
    11b6:	30 e0       	ldi	r19, 0x00	; 0
    11b8:	8a 81       	ldd	r24, Y+2	; 0x02
    11ba:	88 2f       	mov	r24, r24
    11bc:	90 e0       	ldi	r25, 0x00	; 0
    11be:	a9 01       	movw	r20, r18
    11c0:	02 c0       	rjmp	.+4      	; 0x11c6 <DIO_GetPinValue+0x98>
    11c2:	55 95       	asr	r21
    11c4:	47 95       	ror	r20
    11c6:	8a 95       	dec	r24
    11c8:	e2 f7       	brpl	.-8      	; 0x11c2 <DIO_GetPinValue+0x94>
    11ca:	ca 01       	movw	r24, r20
    11cc:	81 70       	andi	r24, 0x01	; 1
    11ce:	eb 81       	ldd	r30, Y+3	; 0x03
    11d0:	fc 81       	ldd	r31, Y+4	; 0x04
    11d2:	80 83       	st	Z, r24
    11d4:	27 c0       	rjmp	.+78     	; 0x1224 <DIO_GetPinValue+0xf6>
            break;


        case DIO_PORTC:

            *Copy_pu8Value = GET_BIT(PINC, Copy_u8Pin);
    11d6:	e3 e3       	ldi	r30, 0x33	; 51
    11d8:	f0 e0       	ldi	r31, 0x00	; 0
    11da:	80 81       	ld	r24, Z
    11dc:	28 2f       	mov	r18, r24
    11de:	30 e0       	ldi	r19, 0x00	; 0
    11e0:	8a 81       	ldd	r24, Y+2	; 0x02
    11e2:	88 2f       	mov	r24, r24
    11e4:	90 e0       	ldi	r25, 0x00	; 0
    11e6:	a9 01       	movw	r20, r18
    11e8:	02 c0       	rjmp	.+4      	; 0x11ee <DIO_GetPinValue+0xc0>
    11ea:	55 95       	asr	r21
    11ec:	47 95       	ror	r20
    11ee:	8a 95       	dec	r24
    11f0:	e2 f7       	brpl	.-8      	; 0x11ea <DIO_GetPinValue+0xbc>
    11f2:	ca 01       	movw	r24, r20
    11f4:	81 70       	andi	r24, 0x01	; 1
    11f6:	eb 81       	ldd	r30, Y+3	; 0x03
    11f8:	fc 81       	ldd	r31, Y+4	; 0x04
    11fa:	80 83       	st	Z, r24
    11fc:	13 c0       	rjmp	.+38     	; 0x1224 <DIO_GetPinValue+0xf6>
            break;


        case DIO_PORTD:

            *Copy_pu8Value = GET_BIT(PIND, Copy_u8Pin);
    11fe:	e0 e3       	ldi	r30, 0x30	; 48
    1200:	f0 e0       	ldi	r31, 0x00	; 0
    1202:	80 81       	ld	r24, Z
    1204:	28 2f       	mov	r18, r24
    1206:	30 e0       	ldi	r19, 0x00	; 0
    1208:	8a 81       	ldd	r24, Y+2	; 0x02
    120a:	88 2f       	mov	r24, r24
    120c:	90 e0       	ldi	r25, 0x00	; 0
    120e:	a9 01       	movw	r20, r18
    1210:	02 c0       	rjmp	.+4      	; 0x1216 <DIO_GetPinValue+0xe8>
    1212:	55 95       	asr	r21
    1214:	47 95       	ror	r20
    1216:	8a 95       	dec	r24
    1218:	e2 f7       	brpl	.-8      	; 0x1212 <DIO_GetPinValue+0xe4>
    121a:	ca 01       	movw	r24, r20
    121c:	81 70       	andi	r24, 0x01	; 1
    121e:	eb 81       	ldd	r30, Y+3	; 0x03
    1220:	fc 81       	ldd	r31, Y+4	; 0x04
    1222:	80 83       	st	Z, r24

            break;
    }
}
    1224:	26 96       	adiw	r28, 0x06	; 6
    1226:	0f b6       	in	r0, 0x3f	; 63
    1228:	f8 94       	cli
    122a:	de bf       	out	0x3e, r29	; 62
    122c:	0f be       	out	0x3f, r0	; 63
    122e:	cd bf       	out	0x3d, r28	; 61
    1230:	cf 91       	pop	r28
    1232:	df 91       	pop	r29
    1234:	08 95       	ret

00001236 <ADC_Init>:
#include "ADC_Register.h"

#include "../../LIB/BIT_MATH.h"

void ADC_Init(void)
{
    1236:	df 93       	push	r29
    1238:	cf 93       	push	r28
    123a:	cd b7       	in	r28, 0x3d	; 61
    123c:	de b7       	in	r29, 0x3e	; 62
    ADMUX = (1 << REFS0);
    123e:	e7 e2       	ldi	r30, 0x27	; 39
    1240:	f0 e0       	ldi	r31, 0x00	; 0
    1242:	80 e4       	ldi	r24, 0x40	; 64
    1244:	80 83       	st	Z, r24

    ADCSRA = (1 << ADEN) |
    1246:	e6 e2       	ldi	r30, 0x26	; 38
    1248:	f0 e0       	ldi	r31, 0x00	; 0
    124a:	87 e8       	ldi	r24, 0x87	; 135
    124c:	80 83       	st	Z, r24
             (1 << ADPS2) |
             (1 << ADPS1) |
             (1 << ADPS0);
}
    124e:	cf 91       	pop	r28
    1250:	df 91       	pop	r29
    1252:	08 95       	ret

00001254 <ADC_Read>:

u16 ADC_Read(u8 Copy_u8Channel)
{
    1254:	df 93       	push	r29
    1256:	cf 93       	push	r28
    1258:	0f 92       	push	r0
    125a:	cd b7       	in	r28, 0x3d	; 61
    125c:	de b7       	in	r29, 0x3e	; 62
    125e:	89 83       	std	Y+1, r24	; 0x01
    ADMUX = (ADMUX & 0xE0) | (Copy_u8Channel & 0x07);
    1260:	a7 e2       	ldi	r26, 0x27	; 39
    1262:	b0 e0       	ldi	r27, 0x00	; 0
    1264:	e7 e2       	ldi	r30, 0x27	; 39
    1266:	f0 e0       	ldi	r31, 0x00	; 0
    1268:	80 81       	ld	r24, Z
    126a:	98 2f       	mov	r25, r24
    126c:	90 7e       	andi	r25, 0xE0	; 224
    126e:	89 81       	ldd	r24, Y+1	; 0x01
    1270:	87 70       	andi	r24, 0x07	; 7
    1272:	89 2b       	or	r24, r25
    1274:	8c 93       	st	X, r24

    ADCSRA |= (1 << ADSC);
    1276:	a6 e2       	ldi	r26, 0x26	; 38
    1278:	b0 e0       	ldi	r27, 0x00	; 0
    127a:	e6 e2       	ldi	r30, 0x26	; 38
    127c:	f0 e0       	ldi	r31, 0x00	; 0
    127e:	80 81       	ld	r24, Z
    1280:	80 64       	ori	r24, 0x40	; 64
    1282:	8c 93       	st	X, r24

    while(ADCSRA & (1 << ADSC));
    1284:	e6 e2       	ldi	r30, 0x26	; 38
    1286:	f0 e0       	ldi	r31, 0x00	; 0
    1288:	80 81       	ld	r24, Z
    128a:	88 2f       	mov	r24, r24
    128c:	90 e0       	ldi	r25, 0x00	; 0
    128e:	80 74       	andi	r24, 0x40	; 64
    1290:	90 70       	andi	r25, 0x00	; 0
    1292:	00 97       	sbiw	r24, 0x00	; 0
    1294:	b9 f7       	brne	.-18     	; 0x1284 <ADC_Read+0x30>

    return ADC;
    1296:	e4 e2       	ldi	r30, 0x24	; 36
    1298:	f0 e0       	ldi	r31, 0x00	; 0
    129a:	80 81       	ld	r24, Z
    129c:	91 81       	ldd	r25, Z+1	; 0x01
}
    129e:	0f 90       	pop	r0
    12a0:	cf 91       	pop	r28
    12a2:	df 91       	pop	r29
    12a4:	08 95       	ret

000012a6 <LCD_Send4Bits>:
 * Function: LCD_Send4Bits
 * Description:
 * Send 4 bits to LCD data pins D4-D7
 *========================================================*/
static void LCD_Send4Bits(u8 Copy_u8Data)
{
    12a6:	df 93       	push	r29
    12a8:	cf 93       	push	r28
    12aa:	0f 92       	push	r0
    12ac:	cd b7       	in	r28, 0x3d	; 61
    12ae:	de b7       	in	r29, 0x3e	; 62
    12b0:	89 83       	std	Y+1, r24	; 0x01
    DIO_SetPinValue(LCD_DATA_PORT,
    12b2:	89 81       	ldd	r24, Y+1	; 0x01
    12b4:	98 2f       	mov	r25, r24
    12b6:	91 70       	andi	r25, 0x01	; 1
    12b8:	83 e0       	ldi	r24, 0x03	; 3
    12ba:	64 e0       	ldi	r22, 0x04	; 4
    12bc:	49 2f       	mov	r20, r25
    12be:	0e 94 b4 07 	call	0xf68	; 0xf68 <DIO_SetPinValue>
                    LCD_D4_PIN,
                    (Copy_u8Data >> 0) & 1);

    DIO_SetPinValue(LCD_DATA_PORT,
    12c2:	89 81       	ldd	r24, Y+1	; 0x01
    12c4:	86 95       	lsr	r24
    12c6:	98 2f       	mov	r25, r24
    12c8:	91 70       	andi	r25, 0x01	; 1
    12ca:	83 e0       	ldi	r24, 0x03	; 3
    12cc:	65 e0       	ldi	r22, 0x05	; 5
    12ce:	49 2f       	mov	r20, r25
    12d0:	0e 94 b4 07 	call	0xf68	; 0xf68 <DIO_SetPinValue>
                    LCD_D5_PIN,
                    (Copy_u8Data >> 1) & 1);

    DIO_SetPinValue(LCD_DATA_PORT,
    12d4:	89 81       	ldd	r24, Y+1	; 0x01
    12d6:	86 95       	lsr	r24
    12d8:	86 95       	lsr	r24
    12da:	98 2f       	mov	r25, r24
    12dc:	91 70       	andi	r25, 0x01	; 1
    12de:	83 e0       	ldi	r24, 0x03	; 3
    12e0:	66 e0       	ldi	r22, 0x06	; 6
    12e2:	49 2f       	mov	r20, r25
    12e4:	0e 94 b4 07 	call	0xf68	; 0xf68 <DIO_SetPinValue>
                    LCD_D6_PIN,
                    (Copy_u8Data >> 2) & 1);

    DIO_SetPinValue(LCD_DATA_PORT,
    12e8:	89 81       	ldd	r24, Y+1	; 0x01
    12ea:	86 95       	lsr	r24
    12ec:	86 95       	lsr	r24
    12ee:	86 95       	lsr	r24
    12f0:	98 2f       	mov	r25, r24
    12f2:	91 70       	andi	r25, 0x01	; 1
    12f4:	83 e0       	ldi	r24, 0x03	; 3
    12f6:	67 e0       	ldi	r22, 0x07	; 7
    12f8:	49 2f       	mov	r20, r25
    12fa:	0e 94 b4 07 	call	0xf68	; 0xf68 <DIO_SetPinValue>
                    LCD_D7_PIN,
                    (Copy_u8Data >> 3) & 1);
}
    12fe:	0f 90       	pop	r0
    1300:	cf 91       	pop	r28
    1302:	df 91       	pop	r29
    1304:	08 95       	ret

00001306 <LCD_EnablePulse>:
 * Function: LCD_EnablePulse
 * Description:
 * Generate Enable pulse
 *========================================================*/
static void LCD_EnablePulse(void)
{
    1306:	df 93       	push	r29
    1308:	cf 93       	push	r28
    130a:	cd b7       	in	r28, 0x3d	; 61
    130c:	de b7       	in	r29, 0x3e	; 62
    130e:	e0 97       	sbiw	r28, 0x30	; 48
    1310:	0f b6       	in	r0, 0x3f	; 63
    1312:	f8 94       	cli
    1314:	de bf       	out	0x3e, r29	; 62
    1316:	0f be       	out	0x3f, r0	; 63
    1318:	cd bf       	out	0x3d, r28	; 61
    DIO_SetPinValue(LCD_CONTROL_PORT,
    131a:	81 e0       	ldi	r24, 0x01	; 1
    131c:	61 e0       	ldi	r22, 0x01	; 1
    131e:	41 e0       	ldi	r20, 0x01	; 1
    1320:	0e 94 b4 07 	call	0xf68	; 0xf68 <DIO_SetPinValue>
    1324:	80 e0       	ldi	r24, 0x00	; 0
    1326:	90 e0       	ldi	r25, 0x00	; 0
    1328:	a0 e8       	ldi	r26, 0x80	; 128
    132a:	bf e3       	ldi	r27, 0x3F	; 63
    132c:	8d a7       	std	Y+45, r24	; 0x2d
    132e:	9e a7       	std	Y+46, r25	; 0x2e
    1330:	af a7       	std	Y+47, r26	; 0x2f
    1332:	b8 ab       	std	Y+48, r27	; 0x30
 */
void
_delay_us(double __us)
{
	uint8_t __ticks;
	double __tmp = ((F_CPU) / 3e6) * __us;
    1334:	6d a5       	ldd	r22, Y+45	; 0x2d
    1336:	7e a5       	ldd	r23, Y+46	; 0x2e
    1338:	8f a5       	ldd	r24, Y+47	; 0x2f
    133a:	98 a9       	ldd	r25, Y+48	; 0x30
    133c:	2b ea       	ldi	r18, 0xAB	; 171
    133e:	3a ea       	ldi	r19, 0xAA	; 170
    1340:	4a ea       	ldi	r20, 0xAA	; 170
    1342:	50 e4       	ldi	r21, 0x40	; 64
    1344:	0e 94 1f 02 	call	0x43e	; 0x43e <__mulsf3>
    1348:	dc 01       	movw	r26, r24
    134a:	cb 01       	movw	r24, r22
    134c:	89 a7       	std	Y+41, r24	; 0x29
    134e:	9a a7       	std	Y+42, r25	; 0x2a
    1350:	ab a7       	std	Y+43, r26	; 0x2b
    1352:	bc a7       	std	Y+44, r27	; 0x2c
	if (__tmp < 1.0)
    1354:	69 a5       	ldd	r22, Y+41	; 0x29
    1356:	7a a5       	ldd	r23, Y+42	; 0x2a
    1358:	8b a5       	ldd	r24, Y+43	; 0x2b
    135a:	9c a5       	ldd	r25, Y+44	; 0x2c
    135c:	20 e0       	ldi	r18, 0x00	; 0
    135e:	30 e0       	ldi	r19, 0x00	; 0
    1360:	40 e8       	ldi	r20, 0x80	; 128
    1362:	5f e3       	ldi	r21, 0x3F	; 63
    1364:	0e 94 25 04 	call	0x84a	; 0x84a <__ltsf2>
    1368:	88 23       	and	r24, r24
    136a:	1c f4       	brge	.+6      	; 0x1372 <LCD_EnablePulse+0x6c>
		__ticks = 1;
    136c:	81 e0       	ldi	r24, 0x01	; 1
    136e:	88 a7       	std	Y+40, r24	; 0x28
    1370:	91 c0       	rjmp	.+290    	; 0x1494 <LCD_EnablePulse+0x18e>
	else if (__tmp > 255)
    1372:	69 a5       	ldd	r22, Y+41	; 0x29
    1374:	7a a5       	ldd	r23, Y+42	; 0x2a
    1376:	8b a5       	ldd	r24, Y+43	; 0x2b
    1378:	9c a5       	ldd	r25, Y+44	; 0x2c
    137a:	20 e0       	ldi	r18, 0x00	; 0
    137c:	30 e0       	ldi	r19, 0x00	; 0
    137e:	4f e7       	ldi	r20, 0x7F	; 127
    1380:	53 e4       	ldi	r21, 0x43	; 67
    1382:	0e 94 c5 03 	call	0x78a	; 0x78a <__gtsf2>
    1386:	18 16       	cp	r1, r24
    1388:	0c f0       	brlt	.+2      	; 0x138c <LCD_EnablePulse+0x86>
    138a:	7b c0       	rjmp	.+246    	; 0x1482 <LCD_EnablePulse+0x17c>
	{
		_delay_ms(__us / 1000.0);
    138c:	6d a5       	ldd	r22, Y+45	; 0x2d
    138e:	7e a5       	ldd	r23, Y+46	; 0x2e
    1390:	8f a5       	ldd	r24, Y+47	; 0x2f
    1392:	98 a9       	ldd	r25, Y+48	; 0x30
    1394:	20 e0       	ldi	r18, 0x00	; 0
    1396:	30 e0       	ldi	r19, 0x00	; 0
    1398:	4a e7       	ldi	r20, 0x7A	; 122
    139a:	54 e4       	ldi	r21, 0x44	; 68
    139c:	0e 94 19 03 	call	0x632	; 0x632 <__divsf3>
    13a0:	dc 01       	movw	r26, r24
    13a2:	cb 01       	movw	r24, r22
    13a4:	8c a3       	std	Y+36, r24	; 0x24
    13a6:	9d a3       	std	Y+37, r25	; 0x25
    13a8:	ae a3       	std	Y+38, r26	; 0x26
    13aa:	bf a3       	std	Y+39, r27	; 0x27
 */
void
_delay_ms(double __ms)
{
	uint16_t __ticks;
	double __tmp = ((F_CPU) / 4e3) * __ms;
    13ac:	6c a1       	ldd	r22, Y+36	; 0x24
    13ae:	7d a1       	ldd	r23, Y+37	; 0x25
    13b0:	8e a1       	ldd	r24, Y+38	; 0x26
    13b2:	9f a1       	ldd	r25, Y+39	; 0x27
    13b4:	20 e0       	ldi	r18, 0x00	; 0
    13b6:	30 e0       	ldi	r19, 0x00	; 0
    13b8:	4a e7       	ldi	r20, 0x7A	; 122
    13ba:	55 e4       	ldi	r21, 0x45	; 69
    13bc:	0e 94 1f 02 	call	0x43e	; 0x43e <__mulsf3>
    13c0:	dc 01       	movw	r26, r24
    13c2:	cb 01       	movw	r24, r22
    13c4:	88 a3       	std	Y+32, r24	; 0x20
    13c6:	99 a3       	std	Y+33, r25	; 0x21
    13c8:	aa a3       	std	Y+34, r26	; 0x22
    13ca:	bb a3       	std	Y+35, r27	; 0x23
	if (__tmp < 1.0)
    13cc:	68 a1       	ldd	r22, Y+32	; 0x20
    13ce:	79 a1       	ldd	r23, Y+33	; 0x21
    13d0:	8a a1       	ldd	r24, Y+34	; 0x22
    13d2:	9b a1       	ldd	r25, Y+35	; 0x23
    13d4:	20 e0       	ldi	r18, 0x00	; 0
    13d6:	30 e0       	ldi	r19, 0x00	; 0
    13d8:	40 e8       	ldi	r20, 0x80	; 128
    13da:	5f e3       	ldi	r21, 0x3F	; 63
    13dc:	0e 94 25 04 	call	0x84a	; 0x84a <__ltsf2>
    13e0:	88 23       	and	r24, r24
    13e2:	2c f4       	brge	.+10     	; 0x13ee <LCD_EnablePulse+0xe8>
		__ticks = 1;
    13e4:	81 e0       	ldi	r24, 0x01	; 1
    13e6:	90 e0       	ldi	r25, 0x00	; 0
    13e8:	9f 8f       	std	Y+31, r25	; 0x1f
    13ea:	8e 8f       	std	Y+30, r24	; 0x1e
    13ec:	3f c0       	rjmp	.+126    	; 0x146c <LCD_EnablePulse+0x166>
	else if (__tmp > 65535)
    13ee:	68 a1       	ldd	r22, Y+32	; 0x20
    13f0:	79 a1       	ldd	r23, Y+33	; 0x21
    13f2:	8a a1       	ldd	r24, Y+34	; 0x22
    13f4:	9b a1       	ldd	r25, Y+35	; 0x23
    13f6:	20 e0       	ldi	r18, 0x00	; 0
    13f8:	3f ef       	ldi	r19, 0xFF	; 255
    13fa:	4f e7       	ldi	r20, 0x7F	; 127
    13fc:	57 e4       	ldi	r21, 0x47	; 71
    13fe:	0e 94 c5 03 	call	0x78a	; 0x78a <__gtsf2>
    1402:	18 16       	cp	r1, r24
    1404:	4c f5       	brge	.+82     	; 0x1458 <LCD_EnablePulse+0x152>
	{
		//	__ticks = requested delay in 1/10 ms
		__ticks = (uint16_t) (__ms * 10.0);
    1406:	6c a1       	ldd	r22, Y+36	; 0x24
    1408:	7d a1       	ldd	r23, Y+37	; 0x25
    140a:	8e a1       	ldd	r24, Y+38	; 0x26
    140c:	9f a1       	ldd	r25, Y+39	; 0x27
    140e:	20 e0       	ldi	r18, 0x00	; 0
    1410:	30 e0       	ldi	r19, 0x00	; 0
    1412:	40 e2       	ldi	r20, 0x20	; 32
    1414:	51 e4       	ldi	r21, 0x41	; 65
    1416:	0e 94 1f 02 	call	0x43e	; 0x43e <__mulsf3>
    141a:	dc 01       	movw	r26, r24
    141c:	cb 01       	movw	r24, r22
    141e:	bc 01       	movw	r22, r24
    1420:	cd 01       	movw	r24, r26
    1422:	0e 94 49 00 	call	0x92	; 0x92 <__fixunssfsi>
    1426:	dc 01       	movw	r26, r24
    1428:	cb 01       	movw	r24, r22
    142a:	9f 8f       	std	Y+31, r25	; 0x1f
    142c:	8e 8f       	std	Y+30, r24	; 0x1e
    142e:	0f c0       	rjmp	.+30     	; 0x144e <LCD_EnablePulse+0x148>
    1430:	80 e9       	ldi	r24, 0x90	; 144
    1432:	91 e0       	ldi	r25, 0x01	; 1
    1434:	9d 8f       	std	Y+29, r25	; 0x1d
    1436:	8c 8f       	std	Y+28, r24	; 0x1c
    milliseconds can be achieved.
 */
void
_delay_loop_2(uint16_t __count)
{
	__asm__ volatile (
    1438:	8c 8d       	ldd	r24, Y+28	; 0x1c
    143a:	9d 8d       	ldd	r25, Y+29	; 0x1d
    143c:	01 97       	sbiw	r24, 0x01	; 1
    143e:	f1 f7       	brne	.-4      	; 0x143c <LCD_EnablePulse+0x136>
    1440:	9d 8f       	std	Y+29, r25	; 0x1d
    1442:	8c 8f       	std	Y+28, r24	; 0x1c
		while(__ticks)
		{
			// wait 1/10 ms
			_delay_loop_2(((F_CPU) / 4e3) / 10);
			__ticks --;
    1444:	8e 8d       	ldd	r24, Y+30	; 0x1e
    1446:	9f 8d       	ldd	r25, Y+31	; 0x1f
    1448:	01 97       	sbiw	r24, 0x01	; 1
    144a:	9f 8f       	std	Y+31, r25	; 0x1f
    144c:	8e 8f       	std	Y+30, r24	; 0x1e
		__ticks = 1;
	else if (__tmp > 65535)
	{
		//	__ticks = requested delay in 1/10 ms
		__ticks = (uint16_t) (__ms * 10.0);
		while(__ticks)
    144e:	8e 8d       	ldd	r24, Y+30	; 0x1e
    1450:	9f 8d       	ldd	r25, Y+31	; 0x1f
    1452:	00 97       	sbiw	r24, 0x00	; 0
    1454:	69 f7       	brne	.-38     	; 0x1430 <LCD_EnablePulse+0x12a>
    1456:	24 c0       	rjmp	.+72     	; 0x14a0 <LCD_EnablePulse+0x19a>
			__ticks --;
		}
		return;
	}
	else
		__ticks = (uint16_t)__tmp;
    1458:	68 a1       	ldd	r22, Y+32	; 0x20
    145a:	79 a1       	ldd	r23, Y+33	; 0x21
    145c:	8a a1       	ldd	r24, Y+34	; 0x22
    145e:	9b a1       	ldd	r25, Y+35	; 0x23
    1460:	0e 94 49 00 	call	0x92	; 0x92 <__fixunssfsi>
    1464:	dc 01       	movw	r26, r24
    1466:	cb 01       	movw	r24, r22
    1468:	9f 8f       	std	Y+31, r25	; 0x1f
    146a:	8e 8f       	std	Y+30, r24	; 0x1e
    146c:	8e 8d       	ldd	r24, Y+30	; 0x1e
    146e:	9f 8d       	ldd	r25, Y+31	; 0x1f
    1470:	9b 8f       	std	Y+27, r25	; 0x1b
    1472:	8a 8f       	std	Y+26, r24	; 0x1a
    1474:	8a 8d       	ldd	r24, Y+26	; 0x1a
    1476:	9b 8d       	ldd	r25, Y+27	; 0x1b
    1478:	01 97       	sbiw	r24, 0x01	; 1
    147a:	f1 f7       	brne	.-4      	; 0x1478 <LCD_EnablePulse+0x172>
    147c:	9b 8f       	std	Y+27, r25	; 0x1b
    147e:	8a 8f       	std	Y+26, r24	; 0x1a
    1480:	0f c0       	rjmp	.+30     	; 0x14a0 <LCD_EnablePulse+0x19a>
	{
		_delay_ms(__us / 1000.0);
		return;
	}
	else
		__ticks = (uint8_t)__tmp;
    1482:	69 a5       	ldd	r22, Y+41	; 0x29
    1484:	7a a5       	ldd	r23, Y+42	; 0x2a
    1486:	8b a5       	ldd	r24, Y+43	; 0x2b
    1488:	9c a5       	ldd	r25, Y+44	; 0x2c
    148a:	0e 94 49 00 	call	0x92	; 0x92 <__fixunssfsi>
    148e:	dc 01       	movw	r26, r24
    1490:	cb 01       	movw	r24, r22
    1492:	88 a7       	std	Y+40, r24	; 0x28
    1494:	88 a5       	ldd	r24, Y+40	; 0x28
    1496:	89 8f       	std	Y+25, r24	; 0x19
    can be achieved.
*/
void
_delay_loop_1(uint8_t __count)
{
	__asm__ volatile (
    1498:	89 8d       	ldd	r24, Y+25	; 0x19
    149a:	8a 95       	dec	r24
    149c:	f1 f7       	brne	.-4      	; 0x149a <LCD_EnablePulse+0x194>
    149e:	89 8f       	std	Y+25, r24	; 0x19
                    LCD_EN_PIN,
                    DIO_HIGH);

    _delay_us(1);

    DIO_SetPinValue(LCD_CONTROL_PORT,
    14a0:	81 e0       	ldi	r24, 0x01	; 1
    14a2:	61 e0       	ldi	r22, 0x01	; 1
    14a4:	40 e0       	ldi	r20, 0x00	; 0
    14a6:	0e 94 b4 07 	call	0xf68	; 0xf68 <DIO_SetPinValue>
    14aa:	80 e0       	ldi	r24, 0x00	; 0
    14ac:	90 e0       	ldi	r25, 0x00	; 0
    14ae:	a8 ec       	ldi	r26, 0xC8	; 200
    14b0:	b2 e4       	ldi	r27, 0x42	; 66
    14b2:	8d 8b       	std	Y+21, r24	; 0x15
    14b4:	9e 8b       	std	Y+22, r25	; 0x16
    14b6:	af 8b       	std	Y+23, r26	; 0x17
    14b8:	b8 8f       	std	Y+24, r27	; 0x18
 */
void
_delay_us(double __us)
{
	uint8_t __ticks;
	double __tmp = ((F_CPU) / 3e6) * __us;
    14ba:	6d 89       	ldd	r22, Y+21	; 0x15
    14bc:	7e 89       	ldd	r23, Y+22	; 0x16
    14be:	8f 89       	ldd	r24, Y+23	; 0x17
    14c0:	98 8d       	ldd	r25, Y+24	; 0x18
    14c2:	2b ea       	ldi	r18, 0xAB	; 171
    14c4:	3a ea       	ldi	r19, 0xAA	; 170
    14c6:	4a ea       	ldi	r20, 0xAA	; 170
    14c8:	50 e4       	ldi	r21, 0x40	; 64
    14ca:	0e 94 1f 02 	call	0x43e	; 0x43e <__mulsf3>
    14ce:	dc 01       	movw	r26, r24
    14d0:	cb 01       	movw	r24, r22
    14d2:	89 8b       	std	Y+17, r24	; 0x11
    14d4:	9a 8b       	std	Y+18, r25	; 0x12
    14d6:	ab 8b       	std	Y+19, r26	; 0x13
    14d8:	bc 8b       	std	Y+20, r27	; 0x14
	if (__tmp < 1.0)
    14da:	69 89       	ldd	r22, Y+17	; 0x11
    14dc:	7a 89       	ldd	r23, Y+18	; 0x12
    14de:	8b 89       	ldd	r24, Y+19	; 0x13
    14e0:	9c 89       	ldd	r25, Y+20	; 0x14
    14e2:	20 e0       	ldi	r18, 0x00	; 0
    14e4:	30 e0       	ldi	r19, 0x00	; 0
    14e6:	40 e8       	ldi	r20, 0x80	; 128
    14e8:	5f e3       	ldi	r21, 0x3F	; 63
    14ea:	0e 94 25 04 	call	0x84a	; 0x84a <__ltsf2>
    14ee:	88 23       	and	r24, r24
    14f0:	1c f4       	brge	.+6      	; 0x14f8 <LCD_EnablePulse+0x1f2>
		__ticks = 1;
    14f2:	81 e0       	ldi	r24, 0x01	; 1
    14f4:	88 8b       	std	Y+16, r24	; 0x10
    14f6:	91 c0       	rjmp	.+290    	; 0x161a <LCD_EnablePulse+0x314>
	else if (__tmp > 255)
    14f8:	69 89       	ldd	r22, Y+17	; 0x11
    14fa:	7a 89       	ldd	r23, Y+18	; 0x12
    14fc:	8b 89       	ldd	r24, Y+19	; 0x13
    14fe:	9c 89       	ldd	r25, Y+20	; 0x14
    1500:	20 e0       	ldi	r18, 0x00	; 0
    1502:	30 e0       	ldi	r19, 0x00	; 0
    1504:	4f e7       	ldi	r20, 0x7F	; 127
    1506:	53 e4       	ldi	r21, 0x43	; 67
    1508:	0e 94 c5 03 	call	0x78a	; 0x78a <__gtsf2>
    150c:	18 16       	cp	r1, r24
    150e:	0c f0       	brlt	.+2      	; 0x1512 <LCD_EnablePulse+0x20c>
    1510:	7b c0       	rjmp	.+246    	; 0x1608 <LCD_EnablePulse+0x302>
	{
		_delay_ms(__us / 1000.0);
    1512:	6d 89       	ldd	r22, Y+21	; 0x15
    1514:	7e 89       	ldd	r23, Y+22	; 0x16
    1516:	8f 89       	ldd	r24, Y+23	; 0x17
    1518:	98 8d       	ldd	r25, Y+24	; 0x18
    151a:	20 e0       	ldi	r18, 0x00	; 0
    151c:	30 e0       	ldi	r19, 0x00	; 0
    151e:	4a e7       	ldi	r20, 0x7A	; 122
    1520:	54 e4       	ldi	r21, 0x44	; 68
    1522:	0e 94 19 03 	call	0x632	; 0x632 <__divsf3>
    1526:	dc 01       	movw	r26, r24
    1528:	cb 01       	movw	r24, r22
    152a:	8c 87       	std	Y+12, r24	; 0x0c
    152c:	9d 87       	std	Y+13, r25	; 0x0d
    152e:	ae 87       	std	Y+14, r26	; 0x0e
    1530:	bf 87       	std	Y+15, r27	; 0x0f
 */
void
_delay_ms(double __ms)
{
	uint16_t __ticks;
	double __tmp = ((F_CPU) / 4e3) * __ms;
    1532:	6c 85       	ldd	r22, Y+12	; 0x0c
    1534:	7d 85       	ldd	r23, Y+13	; 0x0d
    1536:	8e 85       	ldd	r24, Y+14	; 0x0e
    1538:	9f 85       	ldd	r25, Y+15	; 0x0f
    153a:	20 e0       	ldi	r18, 0x00	; 0
    153c:	30 e0       	ldi	r19, 0x00	; 0
    153e:	4a e7       	ldi	r20, 0x7A	; 122
    1540:	55 e4       	ldi	r21, 0x45	; 69
    1542:	0e 94 1f 02 	call	0x43e	; 0x43e <__mulsf3>
    1546:	dc 01       	movw	r26, r24
    1548:	cb 01       	movw	r24, r22
    154a:	88 87       	std	Y+8, r24	; 0x08
    154c:	99 87       	std	Y+9, r25	; 0x09
    154e:	aa 87       	std	Y+10, r26	; 0x0a
    1550:	bb 87       	std	Y+11, r27	; 0x0b
	if (__tmp < 1.0)
    1552:	68 85       	ldd	r22, Y+8	; 0x08
    1554:	79 85       	ldd	r23, Y+9	; 0x09
    1556:	8a 85       	ldd	r24, Y+10	; 0x0a
    1558:	9b 85       	ldd	r25, Y+11	; 0x0b
    155a:	20 e0       	ldi	r18, 0x00	; 0
    155c:	30 e0       	ldi	r19, 0x00	; 0
    155e:	40 e8       	ldi	r20, 0x80	; 128
    1560:	5f e3       	ldi	r21, 0x3F	; 63
    1562:	0e 94 25 04 	call	0x84a	; 0x84a <__ltsf2>
    1566:	88 23       	and	r24, r24
    1568:	2c f4       	brge	.+10     	; 0x1574 <LCD_EnablePulse+0x26e>
		__ticks = 1;
    156a:	81 e0       	ldi	r24, 0x01	; 1
    156c:	90 e0       	ldi	r25, 0x00	; 0
    156e:	9f 83       	std	Y+7, r25	; 0x07
    1570:	8e 83       	std	Y+6, r24	; 0x06
    1572:	3f c0       	rjmp	.+126    	; 0x15f2 <LCD_EnablePulse+0x2ec>
	else if (__tmp > 65535)
    1574:	68 85       	ldd	r22, Y+8	; 0x08
    1576:	79 85       	ldd	r23, Y+9	; 0x09
    1578:	8a 85       	ldd	r24, Y+10	; 0x0a
    157a:	9b 85       	ldd	r25, Y+11	; 0x0b
    157c:	20 e0       	ldi	r18, 0x00	; 0
    157e:	3f ef       	ldi	r19, 0xFF	; 255
    1580:	4f e7       	ldi	r20, 0x7F	; 127
    1582:	57 e4       	ldi	r21, 0x47	; 71
    1584:	0e 94 c5 03 	call	0x78a	; 0x78a <__gtsf2>
    1588:	18 16       	cp	r1, r24
    158a:	4c f5       	brge	.+82     	; 0x15de <LCD_EnablePulse+0x2d8>
	{
		//	__ticks = requested delay in 1/10 ms
		__ticks = (uint16_t) (__ms * 10.0);
    158c:	6c 85       	ldd	r22, Y+12	; 0x0c
    158e:	7d 85       	ldd	r23, Y+13	; 0x0d
    1590:	8e 85       	ldd	r24, Y+14	; 0x0e
    1592:	9f 85       	ldd	r25, Y+15	; 0x0f
    1594:	20 e0       	ldi	r18, 0x00	; 0
    1596:	30 e0       	ldi	r19, 0x00	; 0
    1598:	40 e2       	ldi	r20, 0x20	; 32
    159a:	51 e4       	ldi	r21, 0x41	; 65
    159c:	0e 94 1f 02 	call	0x43e	; 0x43e <__mulsf3>
    15a0:	dc 01       	movw	r26, r24
    15a2:	cb 01       	movw	r24, r22
    15a4:	bc 01       	movw	r22, r24
    15a6:	cd 01       	movw	r24, r26
    15a8:	0e 94 49 00 	call	0x92	; 0x92 <__fixunssfsi>
    15ac:	dc 01       	movw	r26, r24
    15ae:	cb 01       	movw	r24, r22
    15b0:	9f 83       	std	Y+7, r25	; 0x07
    15b2:	8e 83       	std	Y+6, r24	; 0x06
    15b4:	0f c0       	rjmp	.+30     	; 0x15d4 <LCD_EnablePulse+0x2ce>
    15b6:	80 e9       	ldi	r24, 0x90	; 144
    15b8:	91 e0       	ldi	r25, 0x01	; 1
    15ba:	9d 83       	std	Y+5, r25	; 0x05
    15bc:	8c 83       	std	Y+4, r24	; 0x04
    milliseconds can be achieved.
 */
void
_delay_loop_2(uint16_t __count)
{
	__asm__ volatile (
    15be:	8c 81       	ldd	r24, Y+4	; 0x04
    15c0:	9d 81       	ldd	r25, Y+5	; 0x05
    15c2:	01 97       	sbiw	r24, 0x01	; 1
    15c4:	f1 f7       	brne	.-4      	; 0x15c2 <LCD_EnablePulse+0x2bc>
    15c6:	9d 83       	std	Y+5, r25	; 0x05
    15c8:	8c 83       	std	Y+4, r24	; 0x04
		while(__ticks)
		{
			// wait 1/10 ms
			_delay_loop_2(((F_CPU) / 4e3) / 10);
			__ticks --;
    15ca:	8e 81       	ldd	r24, Y+6	; 0x06
    15cc:	9f 81       	ldd	r25, Y+7	; 0x07
    15ce:	01 97       	sbiw	r24, 0x01	; 1
    15d0:	9f 83       	std	Y+7, r25	; 0x07
    15d2:	8e 83       	std	Y+6, r24	; 0x06
		__ticks = 1;
	else if (__tmp > 65535)
	{
		//	__ticks = requested delay in 1/10 ms
		__ticks = (uint16_t) (__ms * 10.0);
		while(__ticks)
    15d4:	8e 81       	ldd	r24, Y+6	; 0x06
    15d6:	9f 81       	ldd	r25, Y+7	; 0x07
    15d8:	00 97       	sbiw	r24, 0x00	; 0
    15da:	69 f7       	brne	.-38     	; 0x15b6 <LCD_EnablePulse+0x2b0>
    15dc:	24 c0       	rjmp	.+72     	; 0x1626 <LCD_EnablePulse+0x320>
			__ticks --;
		}
		return;
	}
	else
		__ticks = (uint16_t)__tmp;
    15de:	68 85       	ldd	r22, Y+8	; 0x08
    15e0:	79 85       	ldd	r23, Y+9	; 0x09
    15e2:	8a 85       	ldd	r24, Y+10	; 0x0a
    15e4:	9b 85       	ldd	r25, Y+11	; 0x0b
    15e6:	0e 94 49 00 	call	0x92	; 0x92 <__fixunssfsi>
    15ea:	dc 01       	movw	r26, r24
    15ec:	cb 01       	movw	r24, r22
    15ee:	9f 83       	std	Y+7, r25	; 0x07
    15f0:	8e 83       	std	Y+6, r24	; 0x06
    15f2:	8e 81       	ldd	r24, Y+6	; 0x06
    15f4:	9f 81       	ldd	r25, Y+7	; 0x07
    15f6:	9b 83       	std	Y+3, r25	; 0x03
    15f8:	8a 83       	std	Y+2, r24	; 0x02
    15fa:	8a 81       	ldd	r24, Y+2	; 0x02
    15fc:	9b 81       	ldd	r25, Y+3	; 0x03
    15fe:	01 97       	sbiw	r24, 0x01	; 1
    1600:	f1 f7       	brne	.-4      	; 0x15fe <LCD_EnablePulse+0x2f8>
    1602:	9b 83       	std	Y+3, r25	; 0x03
    1604:	8a 83       	std	Y+2, r24	; 0x02
    1606:	0f c0       	rjmp	.+30     	; 0x1626 <LCD_EnablePulse+0x320>
	{
		_delay_ms(__us / 1000.0);
		return;
	}
	else
		__ticks = (uint8_t)__tmp;
    1608:	69 89       	ldd	r22, Y+17	; 0x11
    160a:	7a 89       	ldd	r23, Y+18	; 0x12
    160c:	8b 89       	ldd	r24, Y+19	; 0x13
    160e:	9c 89       	ldd	r25, Y+20	; 0x14
    1610:	0e 94 49 00 	call	0x92	; 0x92 <__fixunssfsi>
    1614:	dc 01       	movw	r26, r24
    1616:	cb 01       	movw	r24, r22
    1618:	88 8b       	std	Y+16, r24	; 0x10
    161a:	88 89       	ldd	r24, Y+16	; 0x10
    161c:	89 83       	std	Y+1, r24	; 0x01
    can be achieved.
*/
void
_delay_loop_1(uint8_t __count)
{
	__asm__ volatile (
    161e:	89 81       	ldd	r24, Y+1	; 0x01
    1620:	8a 95       	dec	r24
    1622:	f1 f7       	brne	.-4      	; 0x1620 <LCD_EnablePulse+0x31a>
    1624:	89 83       	std	Y+1, r24	; 0x01
                    LCD_EN_PIN,
                    DIO_LOW);

    _delay_us(100);
}
    1626:	e0 96       	adiw	r28, 0x30	; 48
    1628:	0f b6       	in	r0, 0x3f	; 63
    162a:	f8 94       	cli
    162c:	de bf       	out	0x3e, r29	; 62
    162e:	0f be       	out	0x3f, r0	; 63
    1630:	cd bf       	out	0x3d, r28	; 61
    1632:	cf 91       	pop	r28
    1634:	df 91       	pop	r29
    1636:	08 95       	ret

00001638 <LCD_SendCommand>:
 * Description:
 * Send command to LCD
 * RS = 0
 *========================================================*/
void LCD_SendCommand(u8 Copy_u8Command)
{
    1638:	df 93       	push	r29
    163a:	cf 93       	push	r28
    163c:	cd b7       	in	r28, 0x3d	; 61
    163e:	de b7       	in	r29, 0x3e	; 62
    1640:	2f 97       	sbiw	r28, 0x0f	; 15
    1642:	0f b6       	in	r0, 0x3f	; 63
    1644:	f8 94       	cli
    1646:	de bf       	out	0x3e, r29	; 62
    1648:	0f be       	out	0x3f, r0	; 63
    164a:	cd bf       	out	0x3d, r28	; 61
    164c:	8f 87       	std	Y+15, r24	; 0x0f
    /* RS = 0 → Command */
    DIO_SetPinValue(LCD_CONTROL_PORT,
    164e:	81 e0       	ldi	r24, 0x01	; 1
    1650:	60 e0       	ldi	r22, 0x00	; 0
    1652:	40 e0       	ldi	r20, 0x00	; 0
    1654:	0e 94 b4 07 	call	0xf68	; 0xf68 <DIO_SetPinValue>
                    LCD_RS_PIN,
                    DIO_LOW);

    /* Send Higher 4 bits */
    LCD_Send4Bits(Copy_u8Command >> 4);
    1658:	8f 85       	ldd	r24, Y+15	; 0x0f
    165a:	82 95       	swap	r24
    165c:	8f 70       	andi	r24, 0x0F	; 15
    165e:	0e 94 53 09 	call	0x12a6	; 0x12a6 <LCD_Send4Bits>

    LCD_EnablePulse();
    1662:	0e 94 83 09 	call	0x1306	; 0x1306 <LCD_EnablePulse>

    /* Send Lower 4 bits */
    LCD_Send4Bits(Copy_u8Command & 0x0F);
    1666:	8f 85       	ldd	r24, Y+15	; 0x0f
    1668:	8f 70       	andi	r24, 0x0F	; 15
    166a:	0e 94 53 09 	call	0x12a6	; 0x12a6 <LCD_Send4Bits>

    LCD_EnablePulse();
    166e:	0e 94 83 09 	call	0x1306	; 0x1306 <LCD_EnablePulse>
    1672:	80 e0       	ldi	r24, 0x00	; 0
    1674:	90 e0       	ldi	r25, 0x00	; 0
    1676:	a0 e0       	ldi	r26, 0x00	; 0
    1678:	b0 e4       	ldi	r27, 0x40	; 64
    167a:	8b 87       	std	Y+11, r24	; 0x0b
    167c:	9c 87       	std	Y+12, r25	; 0x0c
    167e:	ad 87       	std	Y+13, r26	; 0x0d
    1680:	be 87       	std	Y+14, r27	; 0x0e
 */
void
_delay_ms(double __ms)
{
	uint16_t __ticks;
	double __tmp = ((F_CPU) / 4e3) * __ms;
    1682:	6b 85       	ldd	r22, Y+11	; 0x0b
    1684:	7c 85       	ldd	r23, Y+12	; 0x0c
    1686:	8d 85       	ldd	r24, Y+13	; 0x0d
    1688:	9e 85       	ldd	r25, Y+14	; 0x0e
    168a:	20 e0       	ldi	r18, 0x00	; 0
    168c:	30 e0       	ldi	r19, 0x00	; 0
    168e:	4a e7       	ldi	r20, 0x7A	; 122
    1690:	55 e4       	ldi	r21, 0x45	; 69
    1692:	0e 94 1f 02 	call	0x43e	; 0x43e <__mulsf3>
    1696:	dc 01       	movw	r26, r24
    1698:	cb 01       	movw	r24, r22
    169a:	8f 83       	std	Y+7, r24	; 0x07
    169c:	98 87       	std	Y+8, r25	; 0x08
    169e:	a9 87       	std	Y+9, r26	; 0x09
    16a0:	ba 87       	std	Y+10, r27	; 0x0a
	if (__tmp < 1.0)
    16a2:	6f 81       	ldd	r22, Y+7	; 0x07
    16a4:	78 85       	ldd	r23, Y+8	; 0x08
    16a6:	89 85       	ldd	r24, Y+9	; 0x09
    16a8:	9a 85       	ldd	r25, Y+10	; 0x0a
    16aa:	20 e0       	ldi	r18, 0x00	; 0
    16ac:	30 e0       	ldi	r19, 0x00	; 0
    16ae:	40 e8       	ldi	r20, 0x80	; 128
    16b0:	5f e3       	ldi	r21, 0x3F	; 63
    16b2:	0e 94 25 04 	call	0x84a	; 0x84a <__ltsf2>
    16b6:	88 23       	and	r24, r24
    16b8:	2c f4       	brge	.+10     	; 0x16c4 <LCD_SendCommand+0x8c>
		__ticks = 1;
    16ba:	81 e0       	ldi	r24, 0x01	; 1
    16bc:	90 e0       	ldi	r25, 0x00	; 0
    16be:	9e 83       	std	Y+6, r25	; 0x06
    16c0:	8d 83       	std	Y+5, r24	; 0x05
    16c2:	3f c0       	rjmp	.+126    	; 0x1742 <LCD_SendCommand+0x10a>
	else if (__tmp > 65535)
    16c4:	6f 81       	ldd	r22, Y+7	; 0x07
    16c6:	78 85       	ldd	r23, Y+8	; 0x08
    16c8:	89 85       	ldd	r24, Y+9	; 0x09
    16ca:	9a 85       	ldd	r25, Y+10	; 0x0a
    16cc:	20 e0       	ldi	r18, 0x00	; 0
    16ce:	3f ef       	ldi	r19, 0xFF	; 255
    16d0:	4f e7       	ldi	r20, 0x7F	; 127
    16d2:	57 e4       	ldi	r21, 0x47	; 71
    16d4:	0e 94 c5 03 	call	0x78a	; 0x78a <__gtsf2>
    16d8:	18 16       	cp	r1, r24
    16da:	4c f5       	brge	.+82     	; 0x172e <LCD_SendCommand+0xf6>
	{
		//	__ticks = requested delay in 1/10 ms
		__ticks = (uint16_t) (__ms * 10.0);
    16dc:	6b 85       	ldd	r22, Y+11	; 0x0b
    16de:	7c 85       	ldd	r23, Y+12	; 0x0c
    16e0:	8d 85       	ldd	r24, Y+13	; 0x0d
    16e2:	9e 85       	ldd	r25, Y+14	; 0x0e
    16e4:	20 e0       	ldi	r18, 0x00	; 0
    16e6:	30 e0       	ldi	r19, 0x00	; 0
    16e8:	40 e2       	ldi	r20, 0x20	; 32
    16ea:	51 e4       	ldi	r21, 0x41	; 65
    16ec:	0e 94 1f 02 	call	0x43e	; 0x43e <__mulsf3>
    16f0:	dc 01       	movw	r26, r24
    16f2:	cb 01       	movw	r24, r22
    16f4:	bc 01       	movw	r22, r24
    16f6:	cd 01       	movw	r24, r26
    16f8:	0e 94 49 00 	call	0x92	; 0x92 <__fixunssfsi>
    16fc:	dc 01       	movw	r26, r24
    16fe:	cb 01       	movw	r24, r22
    1700:	9e 83       	std	Y+6, r25	; 0x06
    1702:	8d 83       	std	Y+5, r24	; 0x05
    1704:	0f c0       	rjmp	.+30     	; 0x1724 <LCD_SendCommand+0xec>
    1706:	80 e9       	ldi	r24, 0x90	; 144
    1708:	91 e0       	ldi	r25, 0x01	; 1
    170a:	9c 83       	std	Y+4, r25	; 0x04
    170c:	8b 83       	std	Y+3, r24	; 0x03
    milliseconds can be achieved.
 */
void
_delay_loop_2(uint16_t __count)
{
	__asm__ volatile (
    170e:	8b 81       	ldd	r24, Y+3	; 0x03
    1710:	9c 81       	ldd	r25, Y+4	; 0x04
    1712:	01 97       	sbiw	r24, 0x01	; 1
    1714:	f1 f7       	brne	.-4      	; 0x1712 <LCD_SendCommand+0xda>
    1716:	9c 83       	std	Y+4, r25	; 0x04
    1718:	8b 83       	std	Y+3, r24	; 0x03
		while(__ticks)
		{
			// wait 1/10 ms
			_delay_loop_2(((F_CPU) / 4e3) / 10);
			__ticks --;
    171a:	8d 81       	ldd	r24, Y+5	; 0x05
    171c:	9e 81       	ldd	r25, Y+6	; 0x06
    171e:	01 97       	sbiw	r24, 0x01	; 1
    1720:	9e 83       	std	Y+6, r25	; 0x06
    1722:	8d 83       	std	Y+5, r24	; 0x05
		__ticks = 1;
	else if (__tmp > 65535)
	{
		//	__ticks = requested delay in 1/10 ms
		__ticks = (uint16_t) (__ms * 10.0);
		while(__ticks)
    1724:	8d 81       	ldd	r24, Y+5	; 0x05
    1726:	9e 81       	ldd	r25, Y+6	; 0x06
    1728:	00 97       	sbiw	r24, 0x00	; 0
    172a:	69 f7       	brne	.-38     	; 0x1706 <LCD_SendCommand+0xce>
    172c:	14 c0       	rjmp	.+40     	; 0x1756 <LCD_SendCommand+0x11e>
			__ticks --;
		}
		return;
	}
	else
		__ticks = (uint16_t)__tmp;
    172e:	6f 81       	ldd	r22, Y+7	; 0x07
    1730:	78 85       	ldd	r23, Y+8	; 0x08
    1732:	89 85       	ldd	r24, Y+9	; 0x09
    1734:	9a 85       	ldd	r25, Y+10	; 0x0a
    1736:	0e 94 49 00 	call	0x92	; 0x92 <__fixunssfsi>
    173a:	dc 01       	movw	r26, r24
    173c:	cb 01       	movw	r24, r22
    173e:	9e 83       	std	Y+6, r25	; 0x06
    1740:	8d 83       	std	Y+5, r24	; 0x05
    1742:	8d 81       	ldd	r24, Y+5	; 0x05
    1744:	9e 81       	ldd	r25, Y+6	; 0x06
    1746:	9a 83       	std	Y+2, r25	; 0x02
    1748:	89 83       	std	Y+1, r24	; 0x01
    174a:	89 81       	ldd	r24, Y+1	; 0x01
    174c:	9a 81       	ldd	r25, Y+2	; 0x02
    174e:	01 97       	sbiw	r24, 0x01	; 1
    1750:	f1 f7       	brne	.-4      	; 0x174e <LCD_SendCommand+0x116>
    1752:	9a 83       	std	Y+2, r25	; 0x02
    1754:	89 83       	std	Y+1, r24	; 0x01

    _delay_ms(2);
}
    1756:	2f 96       	adiw	r28, 0x0f	; 15
    1758:	0f b6       	in	r0, 0x3f	; 63
    175a:	f8 94       	cli
    175c:	de bf       	out	0x3e, r29	; 62
    175e:	0f be       	out	0x3f, r0	; 63
    1760:	cd bf       	out	0x3d, r28	; 61
    1762:	cf 91       	pop	r28
    1764:	df 91       	pop	r29
    1766:	08 95       	ret

00001768 <LCD_SendChar>:
 * Description:
 * Send one character
 * RS = 1
 *========================================================*/
void LCD_SendChar(u8 Copy_u8Char)
{
    1768:	df 93       	push	r29
    176a:	cf 93       	push	r28
    176c:	cd b7       	in	r28, 0x3d	; 61
    176e:	de b7       	in	r29, 0x3e	; 62
    1770:	2f 97       	sbiw	r28, 0x0f	; 15
    1772:	0f b6       	in	r0, 0x3f	; 63
    1774:	f8 94       	cli
    1776:	de bf       	out	0x3e, r29	; 62
    1778:	0f be       	out	0x3f, r0	; 63
    177a:	cd bf       	out	0x3d, r28	; 61
    177c:	8f 87       	std	Y+15, r24	; 0x0f
    /* RS = 1 → Data */
    DIO_SetPinValue(LCD_CONTROL_PORT,
    177e:	81 e0       	ldi	r24, 0x01	; 1
    1780:	60 e0       	ldi	r22, 0x00	; 0
    1782:	41 e0       	ldi	r20, 0x01	; 1
    1784:	0e 94 b4 07 	call	0xf68	; 0xf68 <DIO_SetPinValue>
                    LCD_RS_PIN,
                    DIO_HIGH);

    /* Send Higher 4 bits */
    LCD_Send4Bits(Copy_u8Char >> 4);
    1788:	8f 85       	ldd	r24, Y+15	; 0x0f
    178a:	82 95       	swap	r24
    178c:	8f 70       	andi	r24, 0x0F	; 15
    178e:	0e 94 53 09 	call	0x12a6	; 0x12a6 <LCD_Send4Bits>

    LCD_EnablePulse();
    1792:	0e 94 83 09 	call	0x1306	; 0x1306 <LCD_EnablePulse>

    /* Send Lower 4 bits */
    LCD_Send4Bits(Copy_u8Char & 0x0F);
    1796:	8f 85       	ldd	r24, Y+15	; 0x0f
    1798:	8f 70       	andi	r24, 0x0F	; 15
    179a:	0e 94 53 09 	call	0x12a6	; 0x12a6 <LCD_Send4Bits>

    LCD_EnablePulse();
    179e:	0e 94 83 09 	call	0x1306	; 0x1306 <LCD_EnablePulse>
    17a2:	80 e0       	ldi	r24, 0x00	; 0
    17a4:	90 e0       	ldi	r25, 0x00	; 0
    17a6:	a0 e8       	ldi	r26, 0x80	; 128
    17a8:	bf e3       	ldi	r27, 0x3F	; 63
    17aa:	8b 87       	std	Y+11, r24	; 0x0b
    17ac:	9c 87       	std	Y+12, r25	; 0x0c
    17ae:	ad 87       	std	Y+13, r26	; 0x0d
    17b0:	be 87       	std	Y+14, r27	; 0x0e
 */
void
_delay_ms(double __ms)
{
	uint16_t __ticks;
	double __tmp = ((F_CPU) / 4e3) * __ms;
    17b2:	6b 85       	ldd	r22, Y+11	; 0x0b
    17b4:	7c 85       	ldd	r23, Y+12	; 0x0c
    17b6:	8d 85       	ldd	r24, Y+13	; 0x0d
    17b8:	9e 85       	ldd	r25, Y+14	; 0x0e
    17ba:	20 e0       	ldi	r18, 0x00	; 0
    17bc:	30 e0       	ldi	r19, 0x00	; 0
    17be:	4a e7       	ldi	r20, 0x7A	; 122
    17c0:	55 e4       	ldi	r21, 0x45	; 69
    17c2:	0e 94 1f 02 	call	0x43e	; 0x43e <__mulsf3>
    17c6:	dc 01       	movw	r26, r24
    17c8:	cb 01       	movw	r24, r22
    17ca:	8f 83       	std	Y+7, r24	; 0x07
    17cc:	98 87       	std	Y+8, r25	; 0x08
    17ce:	a9 87       	std	Y+9, r26	; 0x09
    17d0:	ba 87       	std	Y+10, r27	; 0x0a
	if (__tmp < 1.0)
    17d2:	6f 81       	ldd	r22, Y+7	; 0x07
    17d4:	78 85       	ldd	r23, Y+8	; 0x08
    17d6:	89 85       	ldd	r24, Y+9	; 0x09
    17d8:	9a 85       	ldd	r25, Y+10	; 0x0a
    17da:	20 e0       	ldi	r18, 0x00	; 0
    17dc:	30 e0       	ldi	r19, 0x00	; 0
    17de:	40 e8       	ldi	r20, 0x80	; 128
    17e0:	5f e3       	ldi	r21, 0x3F	; 63
    17e2:	0e 94 25 04 	call	0x84a	; 0x84a <__ltsf2>
    17e6:	88 23       	and	r24, r24
    17e8:	2c f4       	brge	.+10     	; 0x17f4 <LCD_SendChar+0x8c>
		__ticks = 1;
    17ea:	81 e0       	ldi	r24, 0x01	; 1
    17ec:	90 e0       	ldi	r25, 0x00	; 0
    17ee:	9e 83       	std	Y+6, r25	; 0x06
    17f0:	8d 83       	std	Y+5, r24	; 0x05
    17f2:	3f c0       	rjmp	.+126    	; 0x1872 <LCD_SendChar+0x10a>
	else if (__tmp > 65535)
    17f4:	6f 81       	ldd	r22, Y+7	; 0x07
    17f6:	78 85       	ldd	r23, Y+8	; 0x08
    17f8:	89 85       	ldd	r24, Y+9	; 0x09
    17fa:	9a 85       	ldd	r25, Y+10	; 0x0a
    17fc:	20 e0       	ldi	r18, 0x00	; 0
    17fe:	3f ef       	ldi	r19, 0xFF	; 255
    1800:	4f e7       	ldi	r20, 0x7F	; 127
    1802:	57 e4       	ldi	r21, 0x47	; 71
    1804:	0e 94 c5 03 	call	0x78a	; 0x78a <__gtsf2>
    1808:	18 16       	cp	r1, r24
    180a:	4c f5       	brge	.+82     	; 0x185e <LCD_SendChar+0xf6>
	{
		//	__ticks = requested delay in 1/10 ms
		__ticks = (uint16_t) (__ms * 10.0);
    180c:	6b 85       	ldd	r22, Y+11	; 0x0b
    180e:	7c 85       	ldd	r23, Y+12	; 0x0c
    1810:	8d 85       	ldd	r24, Y+13	; 0x0d
    1812:	9e 85       	ldd	r25, Y+14	; 0x0e
    1814:	20 e0       	ldi	r18, 0x00	; 0
    1816:	30 e0       	ldi	r19, 0x00	; 0
    1818:	40 e2       	ldi	r20, 0x20	; 32
    181a:	51 e4       	ldi	r21, 0x41	; 65
    181c:	0e 94 1f 02 	call	0x43e	; 0x43e <__mulsf3>
    1820:	dc 01       	movw	r26, r24
    1822:	cb 01       	movw	r24, r22
    1824:	bc 01       	movw	r22, r24
    1826:	cd 01       	movw	r24, r26
    1828:	0e 94 49 00 	call	0x92	; 0x92 <__fixunssfsi>
    182c:	dc 01       	movw	r26, r24
    182e:	cb 01       	movw	r24, r22
    1830:	9e 83       	std	Y+6, r25	; 0x06
    1832:	8d 83       	std	Y+5, r24	; 0x05
    1834:	0f c0       	rjmp	.+30     	; 0x1854 <LCD_SendChar+0xec>
    1836:	80 e9       	ldi	r24, 0x90	; 144
    1838:	91 e0       	ldi	r25, 0x01	; 1
    183a:	9c 83       	std	Y+4, r25	; 0x04
    183c:	8b 83       	std	Y+3, r24	; 0x03
    183e:	8b 81       	ldd	r24, Y+3	; 0x03
    1840:	9c 81       	ldd	r25, Y+4	; 0x04
    1842:	01 97       	sbiw	r24, 0x01	; 1
    1844:	f1 f7       	brne	.-4      	; 0x1842 <LCD_SendChar+0xda>
    1846:	9c 83       	std	Y+4, r25	; 0x04
    1848:	8b 83       	std	Y+3, r24	; 0x03
		while(__ticks)
		{
			// wait 1/10 ms
			_delay_loop_2(((F_CPU) / 4e3) / 10);
			__ticks --;
    184a:	8d 81       	ldd	r24, Y+5	; 0x05
    184c:	9e 81       	ldd	r25, Y+6	; 0x06
    184e:	01 97       	sbiw	r24, 0x01	; 1
    1850:	9e 83       	std	Y+6, r25	; 0x06
    1852:	8d 83       	std	Y+5, r24	; 0x05
		__ticks = 1;
	else if (__tmp > 65535)
	{
		//	__ticks = requested delay in 1/10 ms
		__ticks = (uint16_t) (__ms * 10.0);
		while(__ticks)
    1854:	8d 81       	ldd	r24, Y+5	; 0x05
    1856:	9e 81       	ldd	r25, Y+6	; 0x06
    1858:	00 97       	sbiw	r24, 0x00	; 0
    185a:	69 f7       	brne	.-38     	; 0x1836 <LCD_SendChar+0xce>
    185c:	14 c0       	rjmp	.+40     	; 0x1886 <LCD_SendChar+0x11e>
			__ticks --;
		}
		return;
	}
	else
		__ticks = (uint16_t)__tmp;
    185e:	6f 81       	ldd	r22, Y+7	; 0x07
    1860:	78 85       	ldd	r23, Y+8	; 0x08
    1862:	89 85       	ldd	r24, Y+9	; 0x09
    1864:	9a 85       	ldd	r25, Y+10	; 0x0a
    1866:	0e 94 49 00 	call	0x92	; 0x92 <__fixunssfsi>
    186a:	dc 01       	movw	r26, r24
    186c:	cb 01       	movw	r24, r22
    186e:	9e 83       	std	Y+6, r25	; 0x06
    1870:	8d 83       	std	Y+5, r24	; 0x05
    1872:	8d 81       	ldd	r24, Y+5	; 0x05
    1874:	9e 81       	ldd	r25, Y+6	; 0x06
    1876:	9a 83       	std	Y+2, r25	; 0x02
    1878:	89 83       	std	Y+1, r24	; 0x01
    187a:	89 81       	ldd	r24, Y+1	; 0x01
    187c:	9a 81       	ldd	r25, Y+2	; 0x02
    187e:	01 97       	sbiw	r24, 0x01	; 1
    1880:	f1 f7       	brne	.-4      	; 0x187e <LCD_SendChar+0x116>
    1882:	9a 83       	std	Y+2, r25	; 0x02
    1884:	89 83       	std	Y+1, r24	; 0x01

    _delay_ms(1);
}
    1886:	2f 96       	adiw	r28, 0x0f	; 15
    1888:	0f b6       	in	r0, 0x3f	; 63
    188a:	f8 94       	cli
    188c:	de bf       	out	0x3e, r29	; 62
    188e:	0f be       	out	0x3f, r0	; 63
    1890:	cd bf       	out	0x3d, r28	; 61
    1892:	cf 91       	pop	r28
    1894:	df 91       	pop	r29
    1896:	08 95       	ret

00001898 <LCD_Init>:
 * Function: LCD_Init
 * Description:
 * Initialize LCD in 4-bit mode
 *========================================================*/
void LCD_Init(void)
{
    1898:	df 93       	push	r29
    189a:	cf 93       	push	r28
    189c:	cd b7       	in	r28, 0x3d	; 61
    189e:	de b7       	in	r29, 0x3e	; 62
    18a0:	e4 97       	sbiw	r28, 0x34	; 52
    18a2:	0f b6       	in	r0, 0x3f	; 63
    18a4:	f8 94       	cli
    18a6:	de bf       	out	0x3e, r29	; 62
    18a8:	0f be       	out	0x3f, r0	; 63
    18aa:	cd bf       	out	0x3d, r28	; 61
    /*---------------- Control Pins ----------------*/

    DIO_SetPinDirection(LCD_CONTROL_PORT,
    18ac:	81 e0       	ldi	r24, 0x01	; 1
    18ae:	60 e0       	ldi	r22, 0x00	; 0
    18b0:	41 e0       	ldi	r20, 0x01	; 1
    18b2:	0e 94 d1 06 	call	0xda2	; 0xda2 <DIO_SetPinDirection>
                        LCD_RS_PIN,
                        DIO_OUTPUT);

    DIO_SetPinDirection(LCD_CONTROL_PORT,
    18b6:	81 e0       	ldi	r24, 0x01	; 1
    18b8:	61 e0       	ldi	r22, 0x01	; 1
    18ba:	41 e0       	ldi	r20, 0x01	; 1
    18bc:	0e 94 d1 06 	call	0xda2	; 0xda2 <DIO_SetPinDirection>
                        DIO_OUTPUT);


    /*---------------- Data Pins ----------------*/

    DIO_SetPinDirection(LCD_DATA_PORT,
    18c0:	83 e0       	ldi	r24, 0x03	; 3
    18c2:	64 e0       	ldi	r22, 0x04	; 4
    18c4:	41 e0       	ldi	r20, 0x01	; 1
    18c6:	0e 94 d1 06 	call	0xda2	; 0xda2 <DIO_SetPinDirection>
                        LCD_D4_PIN,
                        DIO_OUTPUT);

    DIO_SetPinDirection(LCD_DATA_PORT,
    18ca:	83 e0       	ldi	r24, 0x03	; 3
    18cc:	65 e0       	ldi	r22, 0x05	; 5
    18ce:	41 e0       	ldi	r20, 0x01	; 1
    18d0:	0e 94 d1 06 	call	0xda2	; 0xda2 <DIO_SetPinDirection>
                        LCD_D5_PIN,
                        DIO_OUTPUT);

    DIO_SetPinDirection(LCD_DATA_PORT,
    18d4:	83 e0       	ldi	r24, 0x03	; 3
    18d6:	66 e0       	ldi	r22, 0x06	; 6
    18d8:	41 e0       	ldi	r20, 0x01	; 1
    18da:	0e 94 d1 06 	call	0xda2	; 0xda2 <DIO_SetPinDirection>
                        LCD_D6_PIN,
                        DIO_OUTPUT);

    DIO_SetPinDirection(LCD_DATA_PORT,
    18de:	83 e0       	ldi	r24, 0x03	; 3
    18e0:	67 e0       	ldi	r22, 0x07	; 7
    18e2:	41 e0       	ldi	r20, 0x01	; 1
    18e4:	0e 94 d1 06 	call	0xda2	; 0xda2 <DIO_SetPinDirection>
    18e8:	80 e0       	ldi	r24, 0x00	; 0
    18ea:	90 e0       	ldi	r25, 0x00	; 0
    18ec:	a0 ea       	ldi	r26, 0xA0	; 160
    18ee:	b1 e4       	ldi	r27, 0x41	; 65
    18f0:	89 ab       	std	Y+49, r24	; 0x31
    18f2:	9a ab       	std	Y+50, r25	; 0x32
    18f4:	ab ab       	std	Y+51, r26	; 0x33
    18f6:	bc ab       	std	Y+52, r27	; 0x34
 */
void
_delay_ms(double __ms)
{
	uint16_t __ticks;
	double __tmp = ((F_CPU) / 4e3) * __ms;
    18f8:	69 a9       	ldd	r22, Y+49	; 0x31
    18fa:	7a a9       	ldd	r23, Y+50	; 0x32
    18fc:	8b a9       	ldd	r24, Y+51	; 0x33
    18fe:	9c a9       	ldd	r25, Y+52	; 0x34
    1900:	20 e0       	ldi	r18, 0x00	; 0
    1902:	30 e0       	ldi	r19, 0x00	; 0
    1904:	4a e7       	ldi	r20, 0x7A	; 122
    1906:	55 e4       	ldi	r21, 0x45	; 69
    1908:	0e 94 1f 02 	call	0x43e	; 0x43e <__mulsf3>
    190c:	dc 01       	movw	r26, r24
    190e:	cb 01       	movw	r24, r22
    1910:	8d a7       	std	Y+45, r24	; 0x2d
    1912:	9e a7       	std	Y+46, r25	; 0x2e
    1914:	af a7       	std	Y+47, r26	; 0x2f
    1916:	b8 ab       	std	Y+48, r27	; 0x30
	if (__tmp < 1.0)
    1918:	6d a5       	ldd	r22, Y+45	; 0x2d
    191a:	7e a5       	ldd	r23, Y+46	; 0x2e
    191c:	8f a5       	ldd	r24, Y+47	; 0x2f
    191e:	98 a9       	ldd	r25, Y+48	; 0x30
    1920:	20 e0       	ldi	r18, 0x00	; 0
    1922:	30 e0       	ldi	r19, 0x00	; 0
    1924:	40 e8       	ldi	r20, 0x80	; 128
    1926:	5f e3       	ldi	r21, 0x3F	; 63
    1928:	0e 94 25 04 	call	0x84a	; 0x84a <__ltsf2>
    192c:	88 23       	and	r24, r24
    192e:	2c f4       	brge	.+10     	; 0x193a <LCD_Init+0xa2>
		__ticks = 1;
    1930:	81 e0       	ldi	r24, 0x01	; 1
    1932:	90 e0       	ldi	r25, 0x00	; 0
    1934:	9c a7       	std	Y+44, r25	; 0x2c
    1936:	8b a7       	std	Y+43, r24	; 0x2b
    1938:	3f c0       	rjmp	.+126    	; 0x19b8 <LCD_Init+0x120>
	else if (__tmp > 65535)
    193a:	6d a5       	ldd	r22, Y+45	; 0x2d
    193c:	7e a5       	ldd	r23, Y+46	; 0x2e
    193e:	8f a5       	ldd	r24, Y+47	; 0x2f
    1940:	98 a9       	ldd	r25, Y+48	; 0x30
    1942:	20 e0       	ldi	r18, 0x00	; 0
    1944:	3f ef       	ldi	r19, 0xFF	; 255
    1946:	4f e7       	ldi	r20, 0x7F	; 127
    1948:	57 e4       	ldi	r21, 0x47	; 71
    194a:	0e 94 c5 03 	call	0x78a	; 0x78a <__gtsf2>
    194e:	18 16       	cp	r1, r24
    1950:	4c f5       	brge	.+82     	; 0x19a4 <LCD_Init+0x10c>
	{
		//	__ticks = requested delay in 1/10 ms
		__ticks = (uint16_t) (__ms * 10.0);
    1952:	69 a9       	ldd	r22, Y+49	; 0x31
    1954:	7a a9       	ldd	r23, Y+50	; 0x32
    1956:	8b a9       	ldd	r24, Y+51	; 0x33
    1958:	9c a9       	ldd	r25, Y+52	; 0x34
    195a:	20 e0       	ldi	r18, 0x00	; 0
    195c:	30 e0       	ldi	r19, 0x00	; 0
    195e:	40 e2       	ldi	r20, 0x20	; 32
    1960:	51 e4       	ldi	r21, 0x41	; 65
    1962:	0e 94 1f 02 	call	0x43e	; 0x43e <__mulsf3>
    1966:	dc 01       	movw	r26, r24
    1968:	cb 01       	movw	r24, r22
    196a:	bc 01       	movw	r22, r24
    196c:	cd 01       	movw	r24, r26
    196e:	0e 94 49 00 	call	0x92	; 0x92 <__fixunssfsi>
    1972:	dc 01       	movw	r26, r24
    1974:	cb 01       	movw	r24, r22
    1976:	9c a7       	std	Y+44, r25	; 0x2c
    1978:	8b a7       	std	Y+43, r24	; 0x2b
    197a:	0f c0       	rjmp	.+30     	; 0x199a <LCD_Init+0x102>
    197c:	80 e9       	ldi	r24, 0x90	; 144
    197e:	91 e0       	ldi	r25, 0x01	; 1
    1980:	9a a7       	std	Y+42, r25	; 0x2a
    1982:	89 a7       	std	Y+41, r24	; 0x29
    1984:	89 a5       	ldd	r24, Y+41	; 0x29
    1986:	9a a5       	ldd	r25, Y+42	; 0x2a
    1988:	01 97       	sbiw	r24, 0x01	; 1
    198a:	f1 f7       	brne	.-4      	; 0x1988 <LCD_Init+0xf0>
    198c:	9a a7       	std	Y+42, r25	; 0x2a
    198e:	89 a7       	std	Y+41, r24	; 0x29
		while(__ticks)
		{
			// wait 1/10 ms
			_delay_loop_2(((F_CPU) / 4e3) / 10);
			__ticks --;
    1990:	8b a5       	ldd	r24, Y+43	; 0x2b
    1992:	9c a5       	ldd	r25, Y+44	; 0x2c
    1994:	01 97       	sbiw	r24, 0x01	; 1
    1996:	9c a7       	std	Y+44, r25	; 0x2c
    1998:	8b a7       	std	Y+43, r24	; 0x2b
		__ticks = 1;
	else if (__tmp > 65535)
	{
		//	__ticks = requested delay in 1/10 ms
		__ticks = (uint16_t) (__ms * 10.0);
		while(__ticks)
    199a:	8b a5       	ldd	r24, Y+43	; 0x2b
    199c:	9c a5       	ldd	r25, Y+44	; 0x2c
    199e:	00 97       	sbiw	r24, 0x00	; 0
    19a0:	69 f7       	brne	.-38     	; 0x197c <LCD_Init+0xe4>
    19a2:	14 c0       	rjmp	.+40     	; 0x19cc <LCD_Init+0x134>
			__ticks --;
		}
		return;
	}
	else
		__ticks = (uint16_t)__tmp;
    19a4:	6d a5       	ldd	r22, Y+45	; 0x2d
    19a6:	7e a5       	ldd	r23, Y+46	; 0x2e
    19a8:	8f a5       	ldd	r24, Y+47	; 0x2f
    19aa:	98 a9       	ldd	r25, Y+48	; 0x30
    19ac:	0e 94 49 00 	call	0x92	; 0x92 <__fixunssfsi>
    19b0:	dc 01       	movw	r26, r24
    19b2:	cb 01       	movw	r24, r22
    19b4:	9c a7       	std	Y+44, r25	; 0x2c
    19b6:	8b a7       	std	Y+43, r24	; 0x2b
    19b8:	8b a5       	ldd	r24, Y+43	; 0x2b
    19ba:	9c a5       	ldd	r25, Y+44	; 0x2c
    19bc:	98 a7       	std	Y+40, r25	; 0x28
    19be:	8f a3       	std	Y+39, r24	; 0x27
    19c0:	8f a1       	ldd	r24, Y+39	; 0x27
    19c2:	98 a5       	ldd	r25, Y+40	; 0x28
    19c4:	01 97       	sbiw	r24, 0x01	; 1
    19c6:	f1 f7       	brne	.-4      	; 0x19c4 <LCD_Init+0x12c>
    19c8:	98 a7       	std	Y+40, r25	; 0x28
    19ca:	8f a3       	std	Y+39, r24	; 0x27

    _delay_ms(20);


    /* RS = 0 */
    DIO_SetPinValue(LCD_CONTROL_PORT,
    19cc:	81 e0       	ldi	r24, 0x01	; 1
    19ce:	60 e0       	ldi	r22, 0x00	; 0
    19d0:	40 e0       	ldi	r20, 0x00	; 0
    19d2:	0e 94 b4 07 	call	0xf68	; 0xf68 <DIO_SetPinValue>

    /*====================================================
     * 4-Bit Initialization Sequence
     *====================================================*/

    LCD_Send4Bits(0x03);
    19d6:	83 e0       	ldi	r24, 0x03	; 3
    19d8:	0e 94 53 09 	call	0x12a6	; 0x12a6 <LCD_Send4Bits>
    LCD_EnablePulse();
    19dc:	0e 94 83 09 	call	0x1306	; 0x1306 <LCD_EnablePulse>
    19e0:	80 e0       	ldi	r24, 0x00	; 0
    19e2:	90 e0       	ldi	r25, 0x00	; 0
    19e4:	a0 ea       	ldi	r26, 0xA0	; 160
    19e6:	b0 e4       	ldi	r27, 0x40	; 64
    19e8:	8b a3       	std	Y+35, r24	; 0x23
    19ea:	9c a3       	std	Y+36, r25	; 0x24
    19ec:	ad a3       	std	Y+37, r26	; 0x25
    19ee:	be a3       	std	Y+38, r27	; 0x26
 */
void
_delay_ms(double __ms)
{
	uint16_t __ticks;
	double __tmp = ((F_CPU) / 4e3) * __ms;
    19f0:	6b a1       	ldd	r22, Y+35	; 0x23
    19f2:	7c a1       	ldd	r23, Y+36	; 0x24
    19f4:	8d a1       	ldd	r24, Y+37	; 0x25
    19f6:	9e a1       	ldd	r25, Y+38	; 0x26
    19f8:	20 e0       	ldi	r18, 0x00	; 0
    19fa:	30 e0       	ldi	r19, 0x00	; 0
    19fc:	4a e7       	ldi	r20, 0x7A	; 122
    19fe:	55 e4       	ldi	r21, 0x45	; 69
    1a00:	0e 94 1f 02 	call	0x43e	; 0x43e <__mulsf3>
    1a04:	dc 01       	movw	r26, r24
    1a06:	cb 01       	movw	r24, r22
    1a08:	8f 8f       	std	Y+31, r24	; 0x1f
    1a0a:	98 a3       	std	Y+32, r25	; 0x20
    1a0c:	a9 a3       	std	Y+33, r26	; 0x21
    1a0e:	ba a3       	std	Y+34, r27	; 0x22
	if (__tmp < 1.0)
    1a10:	6f 8d       	ldd	r22, Y+31	; 0x1f
    1a12:	78 a1       	ldd	r23, Y+32	; 0x20
    1a14:	89 a1       	ldd	r24, Y+33	; 0x21
    1a16:	9a a1       	ldd	r25, Y+34	; 0x22
    1a18:	20 e0       	ldi	r18, 0x00	; 0
    1a1a:	30 e0       	ldi	r19, 0x00	; 0
    1a1c:	40 e8       	ldi	r20, 0x80	; 128
    1a1e:	5f e3       	ldi	r21, 0x3F	; 63
    1a20:	0e 94 25 04 	call	0x84a	; 0x84a <__ltsf2>
    1a24:	88 23       	and	r24, r24
    1a26:	2c f4       	brge	.+10     	; 0x1a32 <LCD_Init+0x19a>
		__ticks = 1;
    1a28:	81 e0       	ldi	r24, 0x01	; 1
    1a2a:	90 e0       	ldi	r25, 0x00	; 0
    1a2c:	9e 8f       	std	Y+30, r25	; 0x1e
    1a2e:	8d 8f       	std	Y+29, r24	; 0x1d
    1a30:	3f c0       	rjmp	.+126    	; 0x1ab0 <LCD_Init+0x218>
	else if (__tmp > 65535)
    1a32:	6f 8d       	ldd	r22, Y+31	; 0x1f
    1a34:	78 a1       	ldd	r23, Y+32	; 0x20
    1a36:	89 a1       	ldd	r24, Y+33	; 0x21
    1a38:	9a a1       	ldd	r25, Y+34	; 0x22
    1a3a:	20 e0       	ldi	r18, 0x00	; 0
    1a3c:	3f ef       	ldi	r19, 0xFF	; 255
    1a3e:	4f e7       	ldi	r20, 0x7F	; 127
    1a40:	57 e4       	ldi	r21, 0x47	; 71
    1a42:	0e 94 c5 03 	call	0x78a	; 0x78a <__gtsf2>
    1a46:	18 16       	cp	r1, r24
    1a48:	4c f5       	brge	.+82     	; 0x1a9c <LCD_Init+0x204>
	{
		//	__ticks = requested delay in 1/10 ms
		__ticks = (uint16_t) (__ms * 10.0);
    1a4a:	6b a1       	ldd	r22, Y+35	; 0x23
    1a4c:	7c a1       	ldd	r23, Y+36	; 0x24
    1a4e:	8d a1       	ldd	r24, Y+37	; 0x25
    1a50:	9e a1       	ldd	r25, Y+38	; 0x26
    1a52:	20 e0       	ldi	r18, 0x00	; 0
    1a54:	30 e0       	ldi	r19, 0x00	; 0
    1a56:	40 e2       	ldi	r20, 0x20	; 32
    1a58:	51 e4       	ldi	r21, 0x41	; 65
    1a5a:	0e 94 1f 02 	call	0x43e	; 0x43e <__mulsf3>
    1a5e:	dc 01       	movw	r26, r24
    1a60:	cb 01       	movw	r24, r22
    1a62:	bc 01       	movw	r22, r24
    1a64:	cd 01       	movw	r24, r26
    1a66:	0e 94 49 00 	call	0x92	; 0x92 <__fixunssfsi>
    1a6a:	dc 01       	movw	r26, r24
    1a6c:	cb 01       	movw	r24, r22
    1a6e:	9e 8f       	std	Y+30, r25	; 0x1e
    1a70:	8d 8f       	std	Y+29, r24	; 0x1d
    1a72:	0f c0       	rjmp	.+30     	; 0x1a92 <LCD_Init+0x1fa>
    1a74:	80 e9       	ldi	r24, 0x90	; 144
    1a76:	91 e0       	ldi	r25, 0x01	; 1
    1a78:	9c 8f       	std	Y+28, r25	; 0x1c
    1a7a:	8b 8f       	std	Y+27, r24	; 0x1b
    1a7c:	8b 8d       	ldd	r24, Y+27	; 0x1b
    1a7e:	9c 8d       	ldd	r25, Y+28	; 0x1c
    1a80:	01 97       	sbiw	r24, 0x01	; 1
    1a82:	f1 f7       	brne	.-4      	; 0x1a80 <LCD_Init+0x1e8>
    1a84:	9c 8f       	std	Y+28, r25	; 0x1c
    1a86:	8b 8f       	std	Y+27, r24	; 0x1b
		while(__ticks)
		{
			// wait 1/10 ms
			_delay_loop_2(((F_CPU) / 4e3) / 10);
			__ticks --;
    1a88:	8d 8d       	ldd	r24, Y+29	; 0x1d
    1a8a:	9e 8d       	ldd	r25, Y+30	; 0x1e
    1a8c:	01 97       	sbiw	r24, 0x01	; 1
    1a8e:	9e 8f       	std	Y+30, r25	; 0x1e
    1a90:	8d 8f       	std	Y+29, r24	; 0x1d
		__ticks = 1;
	else if (__tmp > 65535)
	{
		//	__ticks = requested delay in 1/10 ms
		__ticks = (uint16_t) (__ms * 10.0);
		while(__ticks)
    1a92:	8d 8d       	ldd	r24, Y+29	; 0x1d
    1a94:	9e 8d       	ldd	r25, Y+30	; 0x1e
    1a96:	00 97       	sbiw	r24, 0x00	; 0
    1a98:	69 f7       	brne	.-38     	; 0x1a74 <LCD_Init+0x1dc>
    1a9a:	14 c0       	rjmp	.+40     	; 0x1ac4 <LCD_Init+0x22c>
			__ticks --;
		}
		return;
	}
	else
		__ticks = (uint16_t)__tmp;
    1a9c:	6f 8d       	ldd	r22, Y+31	; 0x1f
    1a9e:	78 a1       	ldd	r23, Y+32	; 0x20
    1aa0:	89 a1       	ldd	r24, Y+33	; 0x21
    1aa2:	9a a1       	ldd	r25, Y+34	; 0x22
    1aa4:	0e 94 49 00 	call	0x92	; 0x92 <__fixunssfsi>
    1aa8:	dc 01       	movw	r26, r24
    1aaa:	cb 01       	movw	r24, r22
    1aac:	9e 8f       	std	Y+30, r25	; 0x1e
    1aae:	8d 8f       	std	Y+29, r24	; 0x1d
    1ab0:	8d 8d       	ldd	r24, Y+29	; 0x1d
    1ab2:	9e 8d       	ldd	r25, Y+30	; 0x1e
    1ab4:	9a 8f       	std	Y+26, r25	; 0x1a
    1ab6:	89 8f       	std	Y+25, r24	; 0x19
    1ab8:	89 8d       	ldd	r24, Y+25	; 0x19
    1aba:	9a 8d       	ldd	r25, Y+26	; 0x1a
    1abc:	01 97       	sbiw	r24, 0x01	; 1
    1abe:	f1 f7       	brne	.-4      	; 0x1abc <LCD_Init+0x224>
    1ac0:	9a 8f       	std	Y+26, r25	; 0x1a
    1ac2:	89 8f       	std	Y+25, r24	; 0x19

    _delay_ms(5);


    LCD_Send4Bits(0x03);
    1ac4:	83 e0       	ldi	r24, 0x03	; 3
    1ac6:	0e 94 53 09 	call	0x12a6	; 0x12a6 <LCD_Send4Bits>
    LCD_EnablePulse();
    1aca:	0e 94 83 09 	call	0x1306	; 0x1306 <LCD_EnablePulse>
    1ace:	80 e0       	ldi	r24, 0x00	; 0
    1ad0:	90 e0       	ldi	r25, 0x00	; 0
    1ad2:	a6 e1       	ldi	r26, 0x16	; 22
    1ad4:	b3 e4       	ldi	r27, 0x43	; 67
    1ad6:	8d 8b       	std	Y+21, r24	; 0x15
    1ad8:	9e 8b       	std	Y+22, r25	; 0x16
    1ada:	af 8b       	std	Y+23, r26	; 0x17
    1adc:	b8 8f       	std	Y+24, r27	; 0x18
 */
void
_delay_us(double __us)
{
	uint8_t __ticks;
	double __tmp = ((F_CPU) / 3e6) * __us;
    1ade:	6d 89       	ldd	r22, Y+21	; 0x15
    1ae0:	7e 89       	ldd	r23, Y+22	; 0x16
    1ae2:	8f 89       	ldd	r24, Y+23	; 0x17
    1ae4:	98 8d       	ldd	r25, Y+24	; 0x18
    1ae6:	2b ea       	ldi	r18, 0xAB	; 171
    1ae8:	3a ea       	ldi	r19, 0xAA	; 170
    1aea:	4a ea       	ldi	r20, 0xAA	; 170
    1aec:	50 e4       	ldi	r21, 0x40	; 64
    1aee:	0e 94 1f 02 	call	0x43e	; 0x43e <__mulsf3>
    1af2:	dc 01       	movw	r26, r24
    1af4:	cb 01       	movw	r24, r22
    1af6:	89 8b       	std	Y+17, r24	; 0x11
    1af8:	9a 8b       	std	Y+18, r25	; 0x12
    1afa:	ab 8b       	std	Y+19, r26	; 0x13
    1afc:	bc 8b       	std	Y+20, r27	; 0x14
	if (__tmp < 1.0)
    1afe:	69 89       	ldd	r22, Y+17	; 0x11
    1b00:	7a 89       	ldd	r23, Y+18	; 0x12
    1b02:	8b 89       	ldd	r24, Y+19	; 0x13
    1b04:	9c 89       	ldd	r25, Y+20	; 0x14
    1b06:	20 e0       	ldi	r18, 0x00	; 0
    1b08:	30 e0       	ldi	r19, 0x00	; 0
    1b0a:	40 e8       	ldi	r20, 0x80	; 128
    1b0c:	5f e3       	ldi	r21, 0x3F	; 63
    1b0e:	0e 94 25 04 	call	0x84a	; 0x84a <__ltsf2>
    1b12:	88 23       	and	r24, r24
    1b14:	1c f4       	brge	.+6      	; 0x1b1c <LCD_Init+0x284>
		__ticks = 1;
    1b16:	81 e0       	ldi	r24, 0x01	; 1
    1b18:	88 8b       	std	Y+16, r24	; 0x10
    1b1a:	91 c0       	rjmp	.+290    	; 0x1c3e <LCD_Init+0x3a6>
	else if (__tmp > 255)
    1b1c:	69 89       	ldd	r22, Y+17	; 0x11
    1b1e:	7a 89       	ldd	r23, Y+18	; 0x12
    1b20:	8b 89       	ldd	r24, Y+19	; 0x13
    1b22:	9c 89       	ldd	r25, Y+20	; 0x14
    1b24:	20 e0       	ldi	r18, 0x00	; 0
    1b26:	30 e0       	ldi	r19, 0x00	; 0
    1b28:	4f e7       	ldi	r20, 0x7F	; 127
    1b2a:	53 e4       	ldi	r21, 0x43	; 67
    1b2c:	0e 94 c5 03 	call	0x78a	; 0x78a <__gtsf2>
    1b30:	18 16       	cp	r1, r24
    1b32:	0c f0       	brlt	.+2      	; 0x1b36 <LCD_Init+0x29e>
    1b34:	7b c0       	rjmp	.+246    	; 0x1c2c <LCD_Init+0x394>
	{
		_delay_ms(__us / 1000.0);
    1b36:	6d 89       	ldd	r22, Y+21	; 0x15
    1b38:	7e 89       	ldd	r23, Y+22	; 0x16
    1b3a:	8f 89       	ldd	r24, Y+23	; 0x17
    1b3c:	98 8d       	ldd	r25, Y+24	; 0x18
    1b3e:	20 e0       	ldi	r18, 0x00	; 0
    1b40:	30 e0       	ldi	r19, 0x00	; 0
    1b42:	4a e7       	ldi	r20, 0x7A	; 122
    1b44:	54 e4       	ldi	r21, 0x44	; 68
    1b46:	0e 94 19 03 	call	0x632	; 0x632 <__divsf3>
    1b4a:	dc 01       	movw	r26, r24
    1b4c:	cb 01       	movw	r24, r22
    1b4e:	8c 87       	std	Y+12, r24	; 0x0c
    1b50:	9d 87       	std	Y+13, r25	; 0x0d
    1b52:	ae 87       	std	Y+14, r26	; 0x0e
    1b54:	bf 87       	std	Y+15, r27	; 0x0f
 */
void
_delay_ms(double __ms)
{
	uint16_t __ticks;
	double __tmp = ((F_CPU) / 4e3) * __ms;
    1b56:	6c 85       	ldd	r22, Y+12	; 0x0c
    1b58:	7d 85       	ldd	r23, Y+13	; 0x0d
    1b5a:	8e 85       	ldd	r24, Y+14	; 0x0e
    1b5c:	9f 85       	ldd	r25, Y+15	; 0x0f
    1b5e:	20 e0       	ldi	r18, 0x00	; 0
    1b60:	30 e0       	ldi	r19, 0x00	; 0
    1b62:	4a e7       	ldi	r20, 0x7A	; 122
    1b64:	55 e4       	ldi	r21, 0x45	; 69
    1b66:	0e 94 1f 02 	call	0x43e	; 0x43e <__mulsf3>
    1b6a:	dc 01       	movw	r26, r24
    1b6c:	cb 01       	movw	r24, r22
    1b6e:	88 87       	std	Y+8, r24	; 0x08
    1b70:	99 87       	std	Y+9, r25	; 0x09
    1b72:	aa 87       	std	Y+10, r26	; 0x0a
    1b74:	bb 87       	std	Y+11, r27	; 0x0b
	if (__tmp < 1.0)
    1b76:	68 85       	ldd	r22, Y+8	; 0x08
    1b78:	79 85       	ldd	r23, Y+9	; 0x09
    1b7a:	8a 85       	ldd	r24, Y+10	; 0x0a
    1b7c:	9b 85       	ldd	r25, Y+11	; 0x0b
    1b7e:	20 e0       	ldi	r18, 0x00	; 0
    1b80:	30 e0       	ldi	r19, 0x00	; 0
    1b82:	40 e8       	ldi	r20, 0x80	; 128
    1b84:	5f e3       	ldi	r21, 0x3F	; 63
    1b86:	0e 94 25 04 	call	0x84a	; 0x84a <__ltsf2>
    1b8a:	88 23       	and	r24, r24
    1b8c:	2c f4       	brge	.+10     	; 0x1b98 <LCD_Init+0x300>
		__ticks = 1;
    1b8e:	81 e0       	ldi	r24, 0x01	; 1
    1b90:	90 e0       	ldi	r25, 0x00	; 0
    1b92:	9f 83       	std	Y+7, r25	; 0x07
    1b94:	8e 83       	std	Y+6, r24	; 0x06
    1b96:	3f c0       	rjmp	.+126    	; 0x1c16 <LCD_Init+0x37e>
	else if (__tmp > 65535)
    1b98:	68 85       	ldd	r22, Y+8	; 0x08
    1b9a:	79 85       	ldd	r23, Y+9	; 0x09
    1b9c:	8a 85       	ldd	r24, Y+10	; 0x0a
    1b9e:	9b 85       	ldd	r25, Y+11	; 0x0b
    1ba0:	20 e0       	ldi	r18, 0x00	; 0
    1ba2:	3f ef       	ldi	r19, 0xFF	; 255
    1ba4:	4f e7       	ldi	r20, 0x7F	; 127
    1ba6:	57 e4       	ldi	r21, 0x47	; 71
    1ba8:	0e 94 c5 03 	call	0x78a	; 0x78a <__gtsf2>
    1bac:	18 16       	cp	r1, r24
    1bae:	4c f5       	brge	.+82     	; 0x1c02 <LCD_Init+0x36a>
	{
		//	__ticks = requested delay in 1/10 ms
		__ticks = (uint16_t) (__ms * 10.0);
    1bb0:	6c 85       	ldd	r22, Y+12	; 0x0c
    1bb2:	7d 85       	ldd	r23, Y+13	; 0x0d
    1bb4:	8e 85       	ldd	r24, Y+14	; 0x0e
    1bb6:	9f 85       	ldd	r25, Y+15	; 0x0f
    1bb8:	20 e0       	ldi	r18, 0x00	; 0
    1bba:	30 e0       	ldi	r19, 0x00	; 0
    1bbc:	40 e2       	ldi	r20, 0x20	; 32
    1bbe:	51 e4       	ldi	r21, 0x41	; 65
    1bc0:	0e 94 1f 02 	call	0x43e	; 0x43e <__mulsf3>
    1bc4:	dc 01       	movw	r26, r24
    1bc6:	cb 01       	movw	r24, r22
    1bc8:	bc 01       	movw	r22, r24
    1bca:	cd 01       	movw	r24, r26
    1bcc:	0e 94 49 00 	call	0x92	; 0x92 <__fixunssfsi>
    1bd0:	dc 01       	movw	r26, r24
    1bd2:	cb 01       	movw	r24, r22
    1bd4:	9f 83       	std	Y+7, r25	; 0x07
    1bd6:	8e 83       	std	Y+6, r24	; 0x06
    1bd8:	0f c0       	rjmp	.+30     	; 0x1bf8 <LCD_Init+0x360>
    1bda:	80 e9       	ldi	r24, 0x90	; 144
    1bdc:	91 e0       	ldi	r25, 0x01	; 1
    1bde:	9d 83       	std	Y+5, r25	; 0x05
    1be0:	8c 83       	std	Y+4, r24	; 0x04
    1be2:	8c 81       	ldd	r24, Y+4	; 0x04
    1be4:	9d 81       	ldd	r25, Y+5	; 0x05
    1be6:	01 97       	sbiw	r24, 0x01	; 1
    1be8:	f1 f7       	brne	.-4      	; 0x1be6 <LCD_Init+0x34e>
    1bea:	9d 83       	std	Y+5, r25	; 0x05
    1bec:	8c 83       	std	Y+4, r24	; 0x04
		while(__ticks)
		{
			// wait 1/10 ms
			_delay_loop_2(((F_CPU) / 4e3) / 10);
			__ticks --;
    1bee:	8e 81       	ldd	r24, Y+6	; 0x06
    1bf0:	9f 81       	ldd	r25, Y+7	; 0x07
    1bf2:	01 97       	sbiw	r24, 0x01	; 1
    1bf4:	9f 83       	std	Y+7, r25	; 0x07
    1bf6:	8e 83       	std	Y+6, r24	; 0x06
		__ticks = 1;
	else if (__tmp > 65535)
	{
		//	__ticks = requested delay in 1/10 ms
		__ticks = (uint16_t) (__ms * 10.0);
		while(__ticks)
    1bf8:	8e 81       	ldd	r24, Y+6	; 0x06
    1bfa:	9f 81       	ldd	r25, Y+7	; 0x07
    1bfc:	00 97       	sbiw	r24, 0x00	; 0
    1bfe:	69 f7       	brne	.-38     	; 0x1bda <LCD_Init+0x342>
    1c00:	24 c0       	rjmp	.+72     	; 0x1c4a <LCD_Init+0x3b2>
			__ticks --;
		}
		return;
	}
	else
		__ticks = (uint16_t)__tmp;
    1c02:	68 85       	ldd	r22, Y+8	; 0x08
    1c04:	79 85       	ldd	r23, Y+9	; 0x09
    1c06:	8a 85       	ldd	r24, Y+10	; 0x0a
    1c08:	9b 85       	ldd	r25, Y+11	; 0x0b
    1c0a:	0e 94 49 00 	call	0x92	; 0x92 <__fixunssfsi>
    1c0e:	dc 01       	movw	r26, r24
    1c10:	cb 01       	movw	r24, r22
    1c12:	9f 83       	std	Y+7, r25	; 0x07
    1c14:	8e 83       	std	Y+6, r24	; 0x06
    1c16:	8e 81       	ldd	r24, Y+6	; 0x06
    1c18:	9f 81       	ldd	r25, Y+7	; 0x07
    1c1a:	9b 83       	std	Y+3, r25	; 0x03
    1c1c:	8a 83       	std	Y+2, r24	; 0x02
    1c1e:	8a 81       	ldd	r24, Y+2	; 0x02
    1c20:	9b 81       	ldd	r25, Y+3	; 0x03
    1c22:	01 97       	sbiw	r24, 0x01	; 1
    1c24:	f1 f7       	brne	.-4      	; 0x1c22 <LCD_Init+0x38a>
    1c26:	9b 83       	std	Y+3, r25	; 0x03
    1c28:	8a 83       	std	Y+2, r24	; 0x02
    1c2a:	0f c0       	rjmp	.+30     	; 0x1c4a <LCD_Init+0x3b2>
	{
		_delay_ms(__us / 1000.0);
		return;
	}
	else
		__ticks = (uint8_t)__tmp;
    1c2c:	69 89       	ldd	r22, Y+17	; 0x11
    1c2e:	7a 89       	ldd	r23, Y+18	; 0x12
    1c30:	8b 89       	ldd	r24, Y+19	; 0x13
    1c32:	9c 89       	ldd	r25, Y+20	; 0x14
    1c34:	0e 94 49 00 	call	0x92	; 0x92 <__fixunssfsi>
    1c38:	dc 01       	movw	r26, r24
    1c3a:	cb 01       	movw	r24, r22
    1c3c:	88 8b       	std	Y+16, r24	; 0x10
    1c3e:	88 89       	ldd	r24, Y+16	; 0x10
    1c40:	89 83       	std	Y+1, r24	; 0x01
    can be achieved.
*/
void
_delay_loop_1(uint8_t __count)
{
	__asm__ volatile (
    1c42:	89 81       	ldd	r24, Y+1	; 0x01
    1c44:	8a 95       	dec	r24
    1c46:	f1 f7       	brne	.-4      	; 0x1c44 <LCD_Init+0x3ac>
    1c48:	89 83       	std	Y+1, r24	; 0x01

    _delay_us(150);


    LCD_Send4Bits(0x03);
    1c4a:	83 e0       	ldi	r24, 0x03	; 3
    1c4c:	0e 94 53 09 	call	0x12a6	; 0x12a6 <LCD_Send4Bits>
    LCD_EnablePulse();
    1c50:	0e 94 83 09 	call	0x1306	; 0x1306 <LCD_EnablePulse>


    LCD_Send4Bits(0x02);
    1c54:	82 e0       	ldi	r24, 0x02	; 2
    1c56:	0e 94 53 09 	call	0x12a6	; 0x12a6 <LCD_Send4Bits>
    LCD_EnablePulse();
    1c5a:	0e 94 83 09 	call	0x1306	; 0x1306 <LCD_EnablePulse>

    /* 4-bit mode
       2 lines
       5x8 font
    */
    LCD_SendCommand(0x28);
    1c5e:	88 e2       	ldi	r24, 0x28	; 40
    1c60:	0e 94 1c 0b 	call	0x1638	; 0x1638 <LCD_SendCommand>

    /* Display ON
       Cursor OFF
       Blink OFF
    */
    LCD_SendCommand(0x0C);
    1c64:	8c e0       	ldi	r24, 0x0C	; 12
    1c66:	0e 94 1c 0b 	call	0x1638	; 0x1638 <LCD_SendCommand>


    /* Clear Display */
    LCD_SendCommand(0x01);
    1c6a:	81 e0       	ldi	r24, 0x01	; 1
    1c6c:	0e 94 1c 0b 	call	0x1638	; 0x1638 <LCD_SendCommand>


    /* Entry Mode
       Cursor moves right
    */
    LCD_SendCommand(0x06);
    1c70:	86 e0       	ldi	r24, 0x06	; 6
    1c72:	0e 94 1c 0b 	call	0x1638	; 0x1638 <LCD_SendCommand>
}
    1c76:	e4 96       	adiw	r28, 0x34	; 52
    1c78:	0f b6       	in	r0, 0x3f	; 63
    1c7a:	f8 94       	cli
    1c7c:	de bf       	out	0x3e, r29	; 62
    1c7e:	0f be       	out	0x3f, r0	; 63
    1c80:	cd bf       	out	0x3d, r28	; 61
    1c82:	cf 91       	pop	r28
    1c84:	df 91       	pop	r29
    1c86:	08 95       	ret

00001c88 <LCD_SendString>:
 * Function: LCD_SendString
 * Description:
 * Send a complete string
 *========================================================*/
void LCD_SendString(const char *Copy_pcString)
{
    1c88:	df 93       	push	r29
    1c8a:	cf 93       	push	r28
    1c8c:	00 d0       	rcall	.+0      	; 0x1c8e <LCD_SendString+0x6>
    1c8e:	cd b7       	in	r28, 0x3d	; 61
    1c90:	de b7       	in	r29, 0x3e	; 62
    1c92:	9a 83       	std	Y+2, r25	; 0x02
    1c94:	89 83       	std	Y+1, r24	; 0x01
    1c96:	0a c0       	rjmp	.+20     	; 0x1cac <LCD_SendString+0x24>
    while(*Copy_pcString != '\0')
    {
        LCD_SendChar(*Copy_pcString);
    1c98:	e9 81       	ldd	r30, Y+1	; 0x01
    1c9a:	fa 81       	ldd	r31, Y+2	; 0x02
    1c9c:	80 81       	ld	r24, Z
    1c9e:	0e 94 b4 0b 	call	0x1768	; 0x1768 <LCD_SendChar>

        Copy_pcString++;
    1ca2:	89 81       	ldd	r24, Y+1	; 0x01
    1ca4:	9a 81       	ldd	r25, Y+2	; 0x02
    1ca6:	01 96       	adiw	r24, 0x01	; 1
    1ca8:	9a 83       	std	Y+2, r25	; 0x02
    1caa:	89 83       	std	Y+1, r24	; 0x01
 * Description:
 * Send a complete string
 *========================================================*/
void LCD_SendString(const char *Copy_pcString)
{
    while(*Copy_pcString != '\0')
    1cac:	e9 81       	ldd	r30, Y+1	; 0x01
    1cae:	fa 81       	ldd	r31, Y+2	; 0x02
    1cb0:	80 81       	ld	r24, Z
    1cb2:	88 23       	and	r24, r24
    1cb4:	89 f7       	brne	.-30     	; 0x1c98 <LCD_SendString+0x10>
    {
        LCD_SendChar(*Copy_pcString);

        Copy_pcString++;
    }
}
    1cb6:	0f 90       	pop	r0
    1cb8:	0f 90       	pop	r0
    1cba:	cf 91       	pop	r28
    1cbc:	df 91       	pop	r29
    1cbe:	08 95       	ret

00001cc0 <LCD_SendNumber>:
 * Function: LCD_SendNumber
 * Description:
 * Display unsigned integer number
 *========================================================*/
void LCD_SendNumber(u16 Copy_u16Number)
{
    1cc0:	df 93       	push	r29
    1cc2:	cf 93       	push	r28
    1cc4:	cd b7       	in	r28, 0x3d	; 61
    1cc6:	de b7       	in	r29, 0x3e	; 62
    1cc8:	2a 97       	sbiw	r28, 0x0a	; 10
    1cca:	0f b6       	in	r0, 0x3f	; 63
    1ccc:	f8 94       	cli
    1cce:	de bf       	out	0x3e, r29	; 62
    1cd0:	0f be       	out	0x3f, r0	; 63
    1cd2:	cd bf       	out	0x3d, r28	; 61
    1cd4:	9a 87       	std	Y+10, r25	; 0x0a
    1cd6:	89 87       	std	Y+9, r24	; 0x09
    char Local_acNumber[6];

    u8 Local_u8Index = 0;
    1cd8:	1a 82       	std	Y+2, r1	; 0x02
    u8 Local_u8I;


    /* Special case: number = 0 */
    if(Copy_u16Number == 0)
    1cda:	89 85       	ldd	r24, Y+9	; 0x09
    1cdc:	9a 85       	ldd	r25, Y+10	; 0x0a
    1cde:	00 97       	sbiw	r24, 0x00	; 0
    1ce0:	11 f5       	brne	.+68     	; 0x1d26 <LCD_SendNumber+0x66>
    {
        LCD_SendChar('0');
    1ce2:	80 e3       	ldi	r24, 0x30	; 48
    1ce4:	0e 94 b4 0b 	call	0x1768	; 0x1768 <LCD_SendChar>
    1ce8:	39 c0       	rjmp	.+114    	; 0x1d5c <LCD_SendNumber+0x9c>


    /* Convert number to characters */
    while(Copy_u16Number > 0)
    {
        Local_acNumber[Local_u8Index] =
    1cea:	8a 81       	ldd	r24, Y+2	; 0x02
    1cec:	e8 2f       	mov	r30, r24
    1cee:	f0 e0       	ldi	r31, 0x00	; 0
    1cf0:	89 85       	ldd	r24, Y+9	; 0x09
    1cf2:	9a 85       	ldd	r25, Y+10	; 0x0a
    1cf4:	2a e0       	ldi	r18, 0x0A	; 10
    1cf6:	30 e0       	ldi	r19, 0x00	; 0
    1cf8:	b9 01       	movw	r22, r18
    1cfa:	0e 94 80 15 	call	0x2b00	; 0x2b00 <__udivmodhi4>
    1cfe:	28 2f       	mov	r18, r24
    1d00:	20 5d       	subi	r18, 0xD0	; 208
    1d02:	ce 01       	movw	r24, r28
    1d04:	03 96       	adiw	r24, 0x03	; 3
    1d06:	e8 0f       	add	r30, r24
    1d08:	f9 1f       	adc	r31, r25
    1d0a:	20 83       	st	Z, r18
                (Copy_u16Number % 10) + '0';

        Copy_u16Number /= 10;
    1d0c:	89 85       	ldd	r24, Y+9	; 0x09
    1d0e:	9a 85       	ldd	r25, Y+10	; 0x0a
    1d10:	2a e0       	ldi	r18, 0x0A	; 10
    1d12:	30 e0       	ldi	r19, 0x00	; 0
    1d14:	b9 01       	movw	r22, r18
    1d16:	0e 94 80 15 	call	0x2b00	; 0x2b00 <__udivmodhi4>
    1d1a:	cb 01       	movw	r24, r22
    1d1c:	9a 87       	std	Y+10, r25	; 0x0a
    1d1e:	89 87       	std	Y+9, r24	; 0x09

        Local_u8Index++;
    1d20:	8a 81       	ldd	r24, Y+2	; 0x02
    1d22:	8f 5f       	subi	r24, 0xFF	; 255
    1d24:	8a 83       	std	Y+2, r24	; 0x02
        return;
    }


    /* Convert number to characters */
    while(Copy_u16Number > 0)
    1d26:	89 85       	ldd	r24, Y+9	; 0x09
    1d28:	9a 85       	ldd	r25, Y+10	; 0x0a
    1d2a:	00 97       	sbiw	r24, 0x00	; 0
    1d2c:	f1 f6       	brne	.-68     	; 0x1cea <LCD_SendNumber+0x2a>
        Local_u8Index++;
    }


    /* Print characters in correct order */
    for(Local_u8I = Local_u8Index;
    1d2e:	8a 81       	ldd	r24, Y+2	; 0x02
    1d30:	89 83       	std	Y+1, r24	; 0x01
    1d32:	11 c0       	rjmp	.+34     	; 0x1d56 <LCD_SendNumber+0x96>
        Local_u8I > 0;
        Local_u8I--)
    {
        LCD_SendChar(Local_acNumber[Local_u8I - 1]);
    1d34:	89 81       	ldd	r24, Y+1	; 0x01
    1d36:	88 2f       	mov	r24, r24
    1d38:	90 e0       	ldi	r25, 0x00	; 0
    1d3a:	9c 01       	movw	r18, r24
    1d3c:	21 50       	subi	r18, 0x01	; 1
    1d3e:	30 40       	sbci	r19, 0x00	; 0
    1d40:	ce 01       	movw	r24, r28
    1d42:	03 96       	adiw	r24, 0x03	; 3
    1d44:	fc 01       	movw	r30, r24
    1d46:	e2 0f       	add	r30, r18
    1d48:	f3 1f       	adc	r31, r19
    1d4a:	80 81       	ld	r24, Z
    1d4c:	0e 94 b4 0b 	call	0x1768	; 0x1768 <LCD_SendChar>


    /* Print characters in correct order */
    for(Local_u8I = Local_u8Index;
        Local_u8I > 0;
        Local_u8I--)
    1d50:	89 81       	ldd	r24, Y+1	; 0x01
    1d52:	81 50       	subi	r24, 0x01	; 1
    1d54:	89 83       	std	Y+1, r24	; 0x01
    }


    /* Print characters in correct order */
    for(Local_u8I = Local_u8Index;
        Local_u8I > 0;
    1d56:	89 81       	ldd	r24, Y+1	; 0x01
    1d58:	88 23       	and	r24, r24
    1d5a:	61 f7       	brne	.-40     	; 0x1d34 <LCD_SendNumber+0x74>
        Local_u8I--)
    {
        LCD_SendChar(Local_acNumber[Local_u8I - 1]);
    }
}
    1d5c:	2a 96       	adiw	r28, 0x0a	; 10
    1d5e:	0f b6       	in	r0, 0x3f	; 63
    1d60:	f8 94       	cli
    1d62:	de bf       	out	0x3e, r29	; 62
    1d64:	0f be       	out	0x3f, r0	; 63
    1d66:	cd bf       	out	0x3d, r28	; 61
    1d68:	cf 91       	pop	r28
    1d6a:	df 91       	pop	r29
    1d6c:	08 95       	ret

00001d6e <LCD_Clear>:
 * Function: LCD_Clear
 * Description:
 * Clear LCD display
 *========================================================*/
void LCD_Clear(void)
{
    1d6e:	df 93       	push	r29
    1d70:	cf 93       	push	r28
    1d72:	cd b7       	in	r28, 0x3d	; 61
    1d74:	de b7       	in	r29, 0x3e	; 62
    1d76:	2e 97       	sbiw	r28, 0x0e	; 14
    1d78:	0f b6       	in	r0, 0x3f	; 63
    1d7a:	f8 94       	cli
    1d7c:	de bf       	out	0x3e, r29	; 62
    1d7e:	0f be       	out	0x3f, r0	; 63
    1d80:	cd bf       	out	0x3d, r28	; 61
    LCD_SendCommand(0x01);
    1d82:	81 e0       	ldi	r24, 0x01	; 1
    1d84:	0e 94 1c 0b 	call	0x1638	; 0x1638 <LCD_SendCommand>
    1d88:	80 e0       	ldi	r24, 0x00	; 0
    1d8a:	90 e0       	ldi	r25, 0x00	; 0
    1d8c:	a0 e0       	ldi	r26, 0x00	; 0
    1d8e:	b0 e4       	ldi	r27, 0x40	; 64
    1d90:	8b 87       	std	Y+11, r24	; 0x0b
    1d92:	9c 87       	std	Y+12, r25	; 0x0c
    1d94:	ad 87       	std	Y+13, r26	; 0x0d
    1d96:	be 87       	std	Y+14, r27	; 0x0e
 */
void
_delay_ms(double __ms)
{
	uint16_t __ticks;
	double __tmp = ((F_CPU) / 4e3) * __ms;
    1d98:	6b 85       	ldd	r22, Y+11	; 0x0b
    1d9a:	7c 85       	ldd	r23, Y+12	; 0x0c
    1d9c:	8d 85       	ldd	r24, Y+13	; 0x0d
    1d9e:	9e 85       	ldd	r25, Y+14	; 0x0e
    1da0:	20 e0       	ldi	r18, 0x00	; 0
    1da2:	30 e0       	ldi	r19, 0x00	; 0
    1da4:	4a e7       	ldi	r20, 0x7A	; 122
    1da6:	55 e4       	ldi	r21, 0x45	; 69
    1da8:	0e 94 1f 02 	call	0x43e	; 0x43e <__mulsf3>
    1dac:	dc 01       	movw	r26, r24
    1dae:	cb 01       	movw	r24, r22
    1db0:	8f 83       	std	Y+7, r24	; 0x07
    1db2:	98 87       	std	Y+8, r25	; 0x08
    1db4:	a9 87       	std	Y+9, r26	; 0x09
    1db6:	ba 87       	std	Y+10, r27	; 0x0a
	if (__tmp < 1.0)
    1db8:	6f 81       	ldd	r22, Y+7	; 0x07
    1dba:	78 85       	ldd	r23, Y+8	; 0x08
    1dbc:	89 85       	ldd	r24, Y+9	; 0x09
    1dbe:	9a 85       	ldd	r25, Y+10	; 0x0a
    1dc0:	20 e0       	ldi	r18, 0x00	; 0
    1dc2:	30 e0       	ldi	r19, 0x00	; 0
    1dc4:	40 e8       	ldi	r20, 0x80	; 128
    1dc6:	5f e3       	ldi	r21, 0x3F	; 63
    1dc8:	0e 94 25 04 	call	0x84a	; 0x84a <__ltsf2>
    1dcc:	88 23       	and	r24, r24
    1dce:	2c f4       	brge	.+10     	; 0x1dda <LCD_Clear+0x6c>
		__ticks = 1;
    1dd0:	81 e0       	ldi	r24, 0x01	; 1
    1dd2:	90 e0       	ldi	r25, 0x00	; 0
    1dd4:	9e 83       	std	Y+6, r25	; 0x06
    1dd6:	8d 83       	std	Y+5, r24	; 0x05
    1dd8:	3f c0       	rjmp	.+126    	; 0x1e58 <LCD_Clear+0xea>
	else if (__tmp > 65535)
    1dda:	6f 81       	ldd	r22, Y+7	; 0x07
    1ddc:	78 85       	ldd	r23, Y+8	; 0x08
    1dde:	89 85       	ldd	r24, Y+9	; 0x09
    1de0:	9a 85       	ldd	r25, Y+10	; 0x0a
    1de2:	20 e0       	ldi	r18, 0x00	; 0
    1de4:	3f ef       	ldi	r19, 0xFF	; 255
    1de6:	4f e7       	ldi	r20, 0x7F	; 127
    1de8:	57 e4       	ldi	r21, 0x47	; 71
    1dea:	0e 94 c5 03 	call	0x78a	; 0x78a <__gtsf2>
    1dee:	18 16       	cp	r1, r24
    1df0:	4c f5       	brge	.+82     	; 0x1e44 <LCD_Clear+0xd6>
	{
		//	__ticks = requested delay in 1/10 ms
		__ticks = (uint16_t) (__ms * 10.0);
    1df2:	6b 85       	ldd	r22, Y+11	; 0x0b
    1df4:	7c 85       	ldd	r23, Y+12	; 0x0c
    1df6:	8d 85       	ldd	r24, Y+13	; 0x0d
    1df8:	9e 85       	ldd	r25, Y+14	; 0x0e
    1dfa:	20 e0       	ldi	r18, 0x00	; 0
    1dfc:	30 e0       	ldi	r19, 0x00	; 0
    1dfe:	40 e2       	ldi	r20, 0x20	; 32
    1e00:	51 e4       	ldi	r21, 0x41	; 65
    1e02:	0e 94 1f 02 	call	0x43e	; 0x43e <__mulsf3>
    1e06:	dc 01       	movw	r26, r24
    1e08:	cb 01       	movw	r24, r22
    1e0a:	bc 01       	movw	r22, r24
    1e0c:	cd 01       	movw	r24, r26
    1e0e:	0e 94 49 00 	call	0x92	; 0x92 <__fixunssfsi>
    1e12:	dc 01       	movw	r26, r24
    1e14:	cb 01       	movw	r24, r22
    1e16:	9e 83       	std	Y+6, r25	; 0x06
    1e18:	8d 83       	std	Y+5, r24	; 0x05
    1e1a:	0f c0       	rjmp	.+30     	; 0x1e3a <LCD_Clear+0xcc>
    1e1c:	80 e9       	ldi	r24, 0x90	; 144
    1e1e:	91 e0       	ldi	r25, 0x01	; 1
    1e20:	9c 83       	std	Y+4, r25	; 0x04
    1e22:	8b 83       	std	Y+3, r24	; 0x03
    milliseconds can be achieved.
 */
void
_delay_loop_2(uint16_t __count)
{
	__asm__ volatile (
    1e24:	8b 81       	ldd	r24, Y+3	; 0x03
    1e26:	9c 81       	ldd	r25, Y+4	; 0x04
    1e28:	01 97       	sbiw	r24, 0x01	; 1
    1e2a:	f1 f7       	brne	.-4      	; 0x1e28 <LCD_Clear+0xba>
    1e2c:	9c 83       	std	Y+4, r25	; 0x04
    1e2e:	8b 83       	std	Y+3, r24	; 0x03
		while(__ticks)
		{
			// wait 1/10 ms
			_delay_loop_2(((F_CPU) / 4e3) / 10);
			__ticks --;
    1e30:	8d 81       	ldd	r24, Y+5	; 0x05
    1e32:	9e 81       	ldd	r25, Y+6	; 0x06
    1e34:	01 97       	sbiw	r24, 0x01	; 1
    1e36:	9e 83       	std	Y+6, r25	; 0x06
    1e38:	8d 83       	std	Y+5, r24	; 0x05
		__ticks = 1;
	else if (__tmp > 65535)
	{
		//	__ticks = requested delay in 1/10 ms
		__ticks = (uint16_t) (__ms * 10.0);
		while(__ticks)
    1e3a:	8d 81       	ldd	r24, Y+5	; 0x05
    1e3c:	9e 81       	ldd	r25, Y+6	; 0x06
    1e3e:	00 97       	sbiw	r24, 0x00	; 0
    1e40:	69 f7       	brne	.-38     	; 0x1e1c <LCD_Clear+0xae>
    1e42:	14 c0       	rjmp	.+40     	; 0x1e6c <LCD_Clear+0xfe>
			__ticks --;
		}
		return;
	}
	else
		__ticks = (uint16_t)__tmp;
    1e44:	6f 81       	ldd	r22, Y+7	; 0x07
    1e46:	78 85       	ldd	r23, Y+8	; 0x08
    1e48:	89 85       	ldd	r24, Y+9	; 0x09
    1e4a:	9a 85       	ldd	r25, Y+10	; 0x0a
    1e4c:	0e 94 49 00 	call	0x92	; 0x92 <__fixunssfsi>
    1e50:	dc 01       	movw	r26, r24
    1e52:	cb 01       	movw	r24, r22
    1e54:	9e 83       	std	Y+6, r25	; 0x06
    1e56:	8d 83       	std	Y+5, r24	; 0x05
    1e58:	8d 81       	ldd	r24, Y+5	; 0x05
    1e5a:	9e 81       	ldd	r25, Y+6	; 0x06
    1e5c:	9a 83       	std	Y+2, r25	; 0x02
    1e5e:	89 83       	std	Y+1, r24	; 0x01
    1e60:	89 81       	ldd	r24, Y+1	; 0x01
    1e62:	9a 81       	ldd	r25, Y+2	; 0x02
    1e64:	01 97       	sbiw	r24, 0x01	; 1
    1e66:	f1 f7       	brne	.-4      	; 0x1e64 <LCD_Clear+0xf6>
    1e68:	9a 83       	std	Y+2, r25	; 0x02
    1e6a:	89 83       	std	Y+1, r24	; 0x01

    _delay_ms(2);
}
    1e6c:	2e 96       	adiw	r28, 0x0e	; 14
    1e6e:	0f b6       	in	r0, 0x3f	; 63
    1e70:	f8 94       	cli
    1e72:	de bf       	out	0x3e, r29	; 62
    1e74:	0f be       	out	0x3f, r0	; 63
    1e76:	cd bf       	out	0x3d, r28	; 61
    1e78:	cf 91       	pop	r28
    1e7a:	df 91       	pop	r29
    1e7c:	08 95       	ret

00001e7e <LCD_SetCursor>:
 * Row 0 → First line
 * Row 1 → Second line
 *========================================================*/
void LCD_SetCursor(u8 Copy_u8Row,
                   u8 Copy_u8Column)
{
    1e7e:	df 93       	push	r29
    1e80:	cf 93       	push	r28
    1e82:	00 d0       	rcall	.+0      	; 0x1e84 <LCD_SetCursor+0x6>
    1e84:	0f 92       	push	r0
    1e86:	cd b7       	in	r28, 0x3d	; 61
    1e88:	de b7       	in	r29, 0x3e	; 62
    1e8a:	8a 83       	std	Y+2, r24	; 0x02
    1e8c:	6b 83       	std	Y+3, r22	; 0x03
    u8 Local_u8Address;


    if(Copy_u8Row == 0)
    1e8e:	8a 81       	ldd	r24, Y+2	; 0x02
    1e90:	88 23       	and	r24, r24
    1e92:	21 f4       	brne	.+8      	; 0x1e9c <LCD_SetCursor+0x1e>
    {
        Local_u8Address =
    1e94:	8b 81       	ldd	r24, Y+3	; 0x03
    1e96:	80 58       	subi	r24, 0x80	; 128
    1e98:	89 83       	std	Y+1, r24	; 0x01
    1e9a:	03 c0       	rjmp	.+6      	; 0x1ea2 <LCD_SetCursor+0x24>
                0x80 + Copy_u8Column;
    }
    else
    {
        Local_u8Address =
    1e9c:	8b 81       	ldd	r24, Y+3	; 0x03
    1e9e:	80 54       	subi	r24, 0x40	; 64
    1ea0:	89 83       	std	Y+1, r24	; 0x01
                0xC0 + Copy_u8Column;
    }


    LCD_SendCommand(Local_u8Address);
    1ea2:	89 81       	ldd	r24, Y+1	; 0x01
    1ea4:	0e 94 1c 0b 	call	0x1638	; 0x1638 <LCD_SendCommand>
}
    1ea8:	0f 90       	pop	r0
    1eaa:	0f 90       	pop	r0
    1eac:	0f 90       	pop	r0
    1eae:	cf 91       	pop	r28
    1eb0:	df 91       	pop	r29
    1eb2:	08 95       	ret

00001eb4 <KEYPAD_Init>:
    {'D', '0', '=', '+'}
};

/* Initialize Keypad */
void KEYPAD_Init(void)
{
    1eb4:	df 93       	push	r29
    1eb6:	cf 93       	push	r28
    1eb8:	cd b7       	in	r28, 0x3d	; 61
    1eba:	de b7       	in	r29, 0x3e	; 62
    /* Rows → Output */
    DIO_SetPinDirection(KEYPAD_PORT, KEYPAD_R0, DIO_OUTPUT);
    1ebc:	82 e0       	ldi	r24, 0x02	; 2
    1ebe:	60 e0       	ldi	r22, 0x00	; 0
    1ec0:	41 e0       	ldi	r20, 0x01	; 1
    1ec2:	0e 94 d1 06 	call	0xda2	; 0xda2 <DIO_SetPinDirection>
    DIO_SetPinDirection(KEYPAD_PORT, KEYPAD_R1, DIO_OUTPUT);
    1ec6:	82 e0       	ldi	r24, 0x02	; 2
    1ec8:	61 e0       	ldi	r22, 0x01	; 1
    1eca:	41 e0       	ldi	r20, 0x01	; 1
    1ecc:	0e 94 d1 06 	call	0xda2	; 0xda2 <DIO_SetPinDirection>
    DIO_SetPinDirection(KEYPAD_PORT, KEYPAD_R2, DIO_OUTPUT);
    1ed0:	82 e0       	ldi	r24, 0x02	; 2
    1ed2:	62 e0       	ldi	r22, 0x02	; 2
    1ed4:	41 e0       	ldi	r20, 0x01	; 1
    1ed6:	0e 94 d1 06 	call	0xda2	; 0xda2 <DIO_SetPinDirection>
    DIO_SetPinDirection(KEYPAD_PORT, KEYPAD_R3, DIO_OUTPUT);
    1eda:	82 e0       	ldi	r24, 0x02	; 2
    1edc:	63 e0       	ldi	r22, 0x03	; 3
    1ede:	41 e0       	ldi	r20, 0x01	; 1
    1ee0:	0e 94 d1 06 	call	0xda2	; 0xda2 <DIO_SetPinDirection>

    /* Columns → Input */
    DIO_SetPinDirection(KEYPAD_PORT, KEYPAD_C0, DIO_INPUT);
    1ee4:	82 e0       	ldi	r24, 0x02	; 2
    1ee6:	64 e0       	ldi	r22, 0x04	; 4
    1ee8:	40 e0       	ldi	r20, 0x00	; 0
    1eea:	0e 94 d1 06 	call	0xda2	; 0xda2 <DIO_SetPinDirection>
    DIO_SetPinDirection(KEYPAD_PORT, KEYPAD_C1, DIO_INPUT);
    1eee:	82 e0       	ldi	r24, 0x02	; 2
    1ef0:	65 e0       	ldi	r22, 0x05	; 5
    1ef2:	40 e0       	ldi	r20, 0x00	; 0
    1ef4:	0e 94 d1 06 	call	0xda2	; 0xda2 <DIO_SetPinDirection>
    DIO_SetPinDirection(KEYPAD_PORT, KEYPAD_C2, DIO_INPUT);
    1ef8:	82 e0       	ldi	r24, 0x02	; 2
    1efa:	66 e0       	ldi	r22, 0x06	; 6
    1efc:	40 e0       	ldi	r20, 0x00	; 0
    1efe:	0e 94 d1 06 	call	0xda2	; 0xda2 <DIO_SetPinDirection>
    DIO_SetPinDirection(KEYPAD_PORT, KEYPAD_C3, DIO_INPUT);
    1f02:	82 e0       	ldi	r24, 0x02	; 2
    1f04:	67 e0       	ldi	r22, 0x07	; 7
    1f06:	40 e0       	ldi	r20, 0x00	; 0
    1f08:	0e 94 d1 06 	call	0xda2	; 0xda2 <DIO_SetPinDirection>

    /* Enable internal Pull-up resistors */
    DIO_SetPinValue(KEYPAD_PORT, KEYPAD_C0, DIO_HIGH);
    1f0c:	82 e0       	ldi	r24, 0x02	; 2
    1f0e:	64 e0       	ldi	r22, 0x04	; 4
    1f10:	41 e0       	ldi	r20, 0x01	; 1
    1f12:	0e 94 b4 07 	call	0xf68	; 0xf68 <DIO_SetPinValue>
    DIO_SetPinValue(KEYPAD_PORT, KEYPAD_C1, DIO_HIGH);
    1f16:	82 e0       	ldi	r24, 0x02	; 2
    1f18:	65 e0       	ldi	r22, 0x05	; 5
    1f1a:	41 e0       	ldi	r20, 0x01	; 1
    1f1c:	0e 94 b4 07 	call	0xf68	; 0xf68 <DIO_SetPinValue>
    DIO_SetPinValue(KEYPAD_PORT, KEYPAD_C2, DIO_HIGH);
    1f20:	82 e0       	ldi	r24, 0x02	; 2
    1f22:	66 e0       	ldi	r22, 0x06	; 6
    1f24:	41 e0       	ldi	r20, 0x01	; 1
    1f26:	0e 94 b4 07 	call	0xf68	; 0xf68 <DIO_SetPinValue>
    DIO_SetPinValue(KEYPAD_PORT, KEYPAD_C3, DIO_HIGH);
    1f2a:	82 e0       	ldi	r24, 0x02	; 2
    1f2c:	67 e0       	ldi	r22, 0x07	; 7
    1f2e:	41 e0       	ldi	r20, 0x01	; 1
    1f30:	0e 94 b4 07 	call	0xf68	; 0xf68 <DIO_SetPinValue>

    /* Rows initially HIGH */
    DIO_SetPinValue(KEYPAD_PORT, KEYPAD_R0, DIO_HIGH);
    1f34:	82 e0       	ldi	r24, 0x02	; 2
    1f36:	60 e0       	ldi	r22, 0x00	; 0
    1f38:	41 e0       	ldi	r20, 0x01	; 1
    1f3a:	0e 94 b4 07 	call	0xf68	; 0xf68 <DIO_SetPinValue>
    DIO_SetPinValue(KEYPAD_PORT, KEYPAD_R1, DIO_HIGH);
    1f3e:	82 e0       	ldi	r24, 0x02	; 2
    1f40:	61 e0       	ldi	r22, 0x01	; 1
    1f42:	41 e0       	ldi	r20, 0x01	; 1
    1f44:	0e 94 b4 07 	call	0xf68	; 0xf68 <DIO_SetPinValue>
    DIO_SetPinValue(KEYPAD_PORT, KEYPAD_R2, DIO_HIGH);
    1f48:	82 e0       	ldi	r24, 0x02	; 2
    1f4a:	62 e0       	ldi	r22, 0x02	; 2
    1f4c:	41 e0       	ldi	r20, 0x01	; 1
    1f4e:	0e 94 b4 07 	call	0xf68	; 0xf68 <DIO_SetPinValue>
    DIO_SetPinValue(KEYPAD_PORT, KEYPAD_R3, DIO_HIGH);
    1f52:	82 e0       	ldi	r24, 0x02	; 2
    1f54:	63 e0       	ldi	r22, 0x03	; 3
    1f56:	41 e0       	ldi	r20, 0x01	; 1
    1f58:	0e 94 b4 07 	call	0xf68	; 0xf68 <DIO_SetPinValue>
}
    1f5c:	cf 91       	pop	r28
    1f5e:	df 91       	pop	r29
    1f60:	08 95       	ret

00001f62 <KEYPAD_GetKey>:


/* Get pressed key */
u8 KEYPAD_GetKey(void)
{
    1f62:	df 93       	push	r29
    1f64:	cf 93       	push	r28
    1f66:	cd b7       	in	r28, 0x3d	; 61
    1f68:	de b7       	in	r29, 0x3e	; 62
    1f6a:	63 97       	sbiw	r28, 0x13	; 19
    1f6c:	0f b6       	in	r0, 0x3f	; 63
    1f6e:	f8 94       	cli
    1f70:	de bf       	out	0x3e, r29	; 62
    1f72:	0f be       	out	0x3f, r0	; 63
    1f74:	cd bf       	out	0x3d, r28	; 61
    u8 Local_u8Row;
    u8 Local_u8Column;
    u8 Local_u8ColumnValue;

    u8 Local_u8Key = 0;
    1f76:	1f 86       	std	Y+15, r1	; 0x0f


    /* Scan each row */
    for(Local_u8Row = 0;
    1f78:	19 8a       	std	Y+17, r1	; 0x11
    1f7a:	c9 c0       	rjmp	.+402    	; 0x210e <KEYPAD_GetKey+0x1ac>
        Local_u8Row < 4;
        Local_u8Row++)
    {
        /* Make all rows HIGH */
        DIO_SetPinValue(KEYPAD_PORT, KEYPAD_R0, DIO_HIGH);
    1f7c:	82 e0       	ldi	r24, 0x02	; 2
    1f7e:	60 e0       	ldi	r22, 0x00	; 0
    1f80:	41 e0       	ldi	r20, 0x01	; 1
    1f82:	0e 94 b4 07 	call	0xf68	; 0xf68 <DIO_SetPinValue>
        DIO_SetPinValue(KEYPAD_PORT, KEYPAD_R1, DIO_HIGH);
    1f86:	82 e0       	ldi	r24, 0x02	; 2
    1f88:	61 e0       	ldi	r22, 0x01	; 1
    1f8a:	41 e0       	ldi	r20, 0x01	; 1
    1f8c:	0e 94 b4 07 	call	0xf68	; 0xf68 <DIO_SetPinValue>
        DIO_SetPinValue(KEYPAD_PORT, KEYPAD_R2, DIO_HIGH);
    1f90:	82 e0       	ldi	r24, 0x02	; 2
    1f92:	62 e0       	ldi	r22, 0x02	; 2
    1f94:	41 e0       	ldi	r20, 0x01	; 1
    1f96:	0e 94 b4 07 	call	0xf68	; 0xf68 <DIO_SetPinValue>
        DIO_SetPinValue(KEYPAD_PORT, KEYPAD_R3, DIO_HIGH);
    1f9a:	82 e0       	ldi	r24, 0x02	; 2
    1f9c:	63 e0       	ldi	r22, 0x03	; 3
    1f9e:	41 e0       	ldi	r20, 0x01	; 1
    1fa0:	0e 94 b4 07 	call	0xf68	; 0xf68 <DIO_SetPinValue>


        /* Make current row LOW */
        DIO_SetPinValue(KEYPAD_PORT,
    1fa4:	82 e0       	ldi	r24, 0x02	; 2
    1fa6:	69 89       	ldd	r22, Y+17	; 0x11
    1fa8:	40 e0       	ldi	r20, 0x00	; 0
    1faa:	0e 94 b4 07 	call	0xf68	; 0xf68 <DIO_SetPinValue>
                        Local_u8Row,
                        DIO_LOW);


        /* Check columns */
        for(Local_u8Column = 0;
    1fae:	18 8a       	std	Y+16, r1	; 0x10
    1fb0:	a7 c0       	rjmp	.+334    	; 0x2100 <KEYPAD_GetKey+0x19e>
            Local_u8Column < 4;
            Local_u8Column++)
        {
            DIO_GetPinValue(KEYPAD_PORT,
    1fb2:	88 89       	ldd	r24, Y+16	; 0x10
    1fb4:	98 2f       	mov	r25, r24
    1fb6:	9c 5f       	subi	r25, 0xFC	; 252
    1fb8:	9e 01       	movw	r18, r28
    1fba:	2e 5e       	subi	r18, 0xEE	; 238
    1fbc:	3f 4f       	sbci	r19, 0xFF	; 255
    1fbe:	82 e0       	ldi	r24, 0x02	; 2
    1fc0:	69 2f       	mov	r22, r25
    1fc2:	a9 01       	movw	r20, r18
    1fc4:	0e 94 97 08 	call	0x112e	; 0x112e <DIO_GetPinValue>
                            KEYPAD_C0 + Local_u8Column,
                            &Local_u8ColumnValue);


            /* Key pressed */
            if(Local_u8ColumnValue == DIO_LOW)
    1fc8:	8a 89       	ldd	r24, Y+18	; 0x12
    1fca:	88 23       	and	r24, r24
    1fcc:	09 f0       	breq	.+2      	; 0x1fd0 <KEYPAD_GetKey+0x6e>
    1fce:	95 c0       	rjmp	.+298    	; 0x20fa <KEYPAD_GetKey+0x198>
            {
                Local_u8Key =
    1fd0:	89 89       	ldd	r24, Y+17	; 0x11
    1fd2:	48 2f       	mov	r20, r24
    1fd4:	50 e0       	ldi	r21, 0x00	; 0
    1fd6:	88 89       	ldd	r24, Y+16	; 0x10
    1fd8:	28 2f       	mov	r18, r24
    1fda:	30 e0       	ldi	r19, 0x00	; 0
    1fdc:	ca 01       	movw	r24, r20
    1fde:	88 0f       	add	r24, r24
    1fe0:	99 1f       	adc	r25, r25
    1fe2:	88 0f       	add	r24, r24
    1fe4:	99 1f       	adc	r25, r25
    1fe6:	82 0f       	add	r24, r18
    1fe8:	93 1f       	adc	r25, r19
    1fea:	fc 01       	movw	r30, r24
    1fec:	ea 53       	subi	r30, 0x3A	; 58
    1fee:	ff 4f       	sbci	r31, 0xFF	; 255
    1ff0:	80 81       	ld	r24, Z
    1ff2:	8f 87       	std	Y+15, r24	; 0x0f
    1ff4:	80 e0       	ldi	r24, 0x00	; 0
    1ff6:	90 e0       	ldi	r25, 0x00	; 0
    1ff8:	a0 ea       	ldi	r26, 0xA0	; 160
    1ffa:	b1 e4       	ldi	r27, 0x41	; 65
    1ffc:	8b 87       	std	Y+11, r24	; 0x0b
    1ffe:	9c 87       	std	Y+12, r25	; 0x0c
    2000:	ad 87       	std	Y+13, r26	; 0x0d
    2002:	be 87       	std	Y+14, r27	; 0x0e
 */
void
_delay_ms(double __ms)
{
	uint16_t __ticks;
	double __tmp = ((F_CPU) / 4e3) * __ms;
    2004:	6b 85       	ldd	r22, Y+11	; 0x0b
    2006:	7c 85       	ldd	r23, Y+12	; 0x0c
    2008:	8d 85       	ldd	r24, Y+13	; 0x0d
    200a:	9e 85       	ldd	r25, Y+14	; 0x0e
    200c:	20 e0       	ldi	r18, 0x00	; 0
    200e:	30 e0       	ldi	r19, 0x00	; 0
    2010:	4a e7       	ldi	r20, 0x7A	; 122
    2012:	55 e4       	ldi	r21, 0x45	; 69
    2014:	0e 94 1f 02 	call	0x43e	; 0x43e <__mulsf3>
    2018:	dc 01       	movw	r26, r24
    201a:	cb 01       	movw	r24, r22
    201c:	8f 83       	std	Y+7, r24	; 0x07
    201e:	98 87       	std	Y+8, r25	; 0x08
    2020:	a9 87       	std	Y+9, r26	; 0x09
    2022:	ba 87       	std	Y+10, r27	; 0x0a
	if (__tmp < 1.0)
    2024:	6f 81       	ldd	r22, Y+7	; 0x07
    2026:	78 85       	ldd	r23, Y+8	; 0x08
    2028:	89 85       	ldd	r24, Y+9	; 0x09
    202a:	9a 85       	ldd	r25, Y+10	; 0x0a
    202c:	20 e0       	ldi	r18, 0x00	; 0
    202e:	30 e0       	ldi	r19, 0x00	; 0
    2030:	40 e8       	ldi	r20, 0x80	; 128
    2032:	5f e3       	ldi	r21, 0x3F	; 63
    2034:	0e 94 25 04 	call	0x84a	; 0x84a <__ltsf2>
    2038:	88 23       	and	r24, r24
    203a:	2c f4       	brge	.+10     	; 0x2046 <KEYPAD_GetKey+0xe4>
		__ticks = 1;
    203c:	81 e0       	ldi	r24, 0x01	; 1
    203e:	90 e0       	ldi	r25, 0x00	; 0
    2040:	9e 83       	std	Y+6, r25	; 0x06
    2042:	8d 83       	std	Y+5, r24	; 0x05
    2044:	3f c0       	rjmp	.+126    	; 0x20c4 <KEYPAD_GetKey+0x162>
	else if (__tmp > 65535)
    2046:	6f 81       	ldd	r22, Y+7	; 0x07
    2048:	78 85       	ldd	r23, Y+8	; 0x08
    204a:	89 85       	ldd	r24, Y+9	; 0x09
    204c:	9a 85       	ldd	r25, Y+10	; 0x0a
    204e:	20 e0       	ldi	r18, 0x00	; 0
    2050:	3f ef       	ldi	r19, 0xFF	; 255
    2052:	4f e7       	ldi	r20, 0x7F	; 127
    2054:	57 e4       	ldi	r21, 0x47	; 71
    2056:	0e 94 c5 03 	call	0x78a	; 0x78a <__gtsf2>
    205a:	18 16       	cp	r1, r24
    205c:	4c f5       	brge	.+82     	; 0x20b0 <KEYPAD_GetKey+0x14e>
	{
		//	__ticks = requested delay in 1/10 ms
		__ticks = (uint16_t) (__ms * 10.0);
    205e:	6b 85       	ldd	r22, Y+11	; 0x0b
    2060:	7c 85       	ldd	r23, Y+12	; 0x0c
    2062:	8d 85       	ldd	r24, Y+13	; 0x0d
    2064:	9e 85       	ldd	r25, Y+14	; 0x0e
    2066:	20 e0       	ldi	r18, 0x00	; 0
    2068:	30 e0       	ldi	r19, 0x00	; 0
    206a:	40 e2       	ldi	r20, 0x20	; 32
    206c:	51 e4       	ldi	r21, 0x41	; 65
    206e:	0e 94 1f 02 	call	0x43e	; 0x43e <__mulsf3>
    2072:	dc 01       	movw	r26, r24
    2074:	cb 01       	movw	r24, r22
    2076:	bc 01       	movw	r22, r24
    2078:	cd 01       	movw	r24, r26
    207a:	0e 94 49 00 	call	0x92	; 0x92 <__fixunssfsi>
    207e:	dc 01       	movw	r26, r24
    2080:	cb 01       	movw	r24, r22
    2082:	9e 83       	std	Y+6, r25	; 0x06
    2084:	8d 83       	std	Y+5, r24	; 0x05
    2086:	0f c0       	rjmp	.+30     	; 0x20a6 <KEYPAD_GetKey+0x144>
    2088:	80 e9       	ldi	r24, 0x90	; 144
    208a:	91 e0       	ldi	r25, 0x01	; 1
    208c:	9c 83       	std	Y+4, r25	; 0x04
    208e:	8b 83       	std	Y+3, r24	; 0x03
    2090:	8b 81       	ldd	r24, Y+3	; 0x03
    2092:	9c 81       	ldd	r25, Y+4	; 0x04
    2094:	01 97       	sbiw	r24, 0x01	; 1
    2096:	f1 f7       	brne	.-4      	; 0x2094 <KEYPAD_GetKey+0x132>
    2098:	9c 83       	std	Y+4, r25	; 0x04
    209a:	8b 83       	std	Y+3, r24	; 0x03
		while(__ticks)
		{
			// wait 1/10 ms
			_delay_loop_2(((F_CPU) / 4e3) / 10);
			__ticks --;
    209c:	8d 81       	ldd	r24, Y+5	; 0x05
    209e:	9e 81       	ldd	r25, Y+6	; 0x06
    20a0:	01 97       	sbiw	r24, 0x01	; 1
    20a2:	9e 83       	std	Y+6, r25	; 0x06
    20a4:	8d 83       	std	Y+5, r24	; 0x05
		__ticks = 1;
	else if (__tmp > 65535)
	{
		//	__ticks = requested delay in 1/10 ms
		__ticks = (uint16_t) (__ms * 10.0);
		while(__ticks)
    20a6:	8d 81       	ldd	r24, Y+5	; 0x05
    20a8:	9e 81       	ldd	r25, Y+6	; 0x06
    20aa:	00 97       	sbiw	r24, 0x00	; 0
    20ac:	69 f7       	brne	.-38     	; 0x2088 <KEYPAD_GetKey+0x126>
    20ae:	14 c0       	rjmp	.+40     	; 0x20d8 <KEYPAD_GetKey+0x176>
			__ticks --;
		}
		return;
	}
	else
		__ticks = (uint16_t)__tmp;
    20b0:	6f 81       	ldd	r22, Y+7	; 0x07
    20b2:	78 85       	ldd	r23, Y+8	; 0x08
    20b4:	89 85       	ldd	r24, Y+9	; 0x09
    20b6:	9a 85       	ldd	r25, Y+10	; 0x0a
    20b8:	0e 94 49 00 	call	0x92	; 0x92 <__fixunssfsi>
    20bc:	dc 01       	movw	r26, r24
    20be:	cb 01       	movw	r24, r22
    20c0:	9e 83       	std	Y+6, r25	; 0x06
    20c2:	8d 83       	std	Y+5, r24	; 0x05
    20c4:	8d 81       	ldd	r24, Y+5	; 0x05
    20c6:	9e 81       	ldd	r25, Y+6	; 0x06
    20c8:	9a 83       	std	Y+2, r25	; 0x02
    20ca:	89 83       	std	Y+1, r24	; 0x01
    20cc:	89 81       	ldd	r24, Y+1	; 0x01
    20ce:	9a 81       	ldd	r25, Y+2	; 0x02
    20d0:	01 97       	sbiw	r24, 0x01	; 1
    20d2:	f1 f7       	brne	.-4      	; 0x20d0 <KEYPAD_GetKey+0x16e>
    20d4:	9a 83       	std	Y+2, r25	; 0x02
    20d6:	89 83       	std	Y+1, r24	; 0x01


                /* Wait until key is released */
                do
                {
                    DIO_GetPinValue(
    20d8:	88 89       	ldd	r24, Y+16	; 0x10
    20da:	98 2f       	mov	r25, r24
    20dc:	9c 5f       	subi	r25, 0xFC	; 252
    20de:	9e 01       	movw	r18, r28
    20e0:	2e 5e       	subi	r18, 0xEE	; 238
    20e2:	3f 4f       	sbci	r19, 0xFF	; 255
    20e4:	82 e0       	ldi	r24, 0x02	; 2
    20e6:	69 2f       	mov	r22, r25
    20e8:	a9 01       	movw	r20, r18
    20ea:	0e 94 97 08 	call	0x112e	; 0x112e <DIO_GetPinValue>
                        KEYPAD_PORT,
                        KEYPAD_C0 + Local_u8Column,
                        &Local_u8ColumnValue
                    );

                } while(Local_u8ColumnValue == DIO_LOW);
    20ee:	8a 89       	ldd	r24, Y+18	; 0x12
    20f0:	88 23       	and	r24, r24
    20f2:	91 f3       	breq	.-28     	; 0x20d8 <KEYPAD_GetKey+0x176>


                return Local_u8Key;
    20f4:	8f 85       	ldd	r24, Y+15	; 0x0f
    20f6:	8b 8b       	std	Y+19, r24	; 0x13
    20f8:	0f c0       	rjmp	.+30     	; 0x2118 <KEYPAD_GetKey+0x1b6>


        /* Check columns */
        for(Local_u8Column = 0;
            Local_u8Column < 4;
            Local_u8Column++)
    20fa:	88 89       	ldd	r24, Y+16	; 0x10
    20fc:	8f 5f       	subi	r24, 0xFF	; 255
    20fe:	88 8b       	std	Y+16, r24	; 0x10
                        DIO_LOW);


        /* Check columns */
        for(Local_u8Column = 0;
            Local_u8Column < 4;
    2100:	88 89       	ldd	r24, Y+16	; 0x10
    2102:	84 30       	cpi	r24, 0x04	; 4
    2104:	08 f4       	brcc	.+2      	; 0x2108 <KEYPAD_GetKey+0x1a6>
    2106:	55 cf       	rjmp	.-342    	; 0x1fb2 <KEYPAD_GetKey+0x50>


    /* Scan each row */
    for(Local_u8Row = 0;
        Local_u8Row < 4;
        Local_u8Row++)
    2108:	89 89       	ldd	r24, Y+17	; 0x11
    210a:	8f 5f       	subi	r24, 0xFF	; 255
    210c:	89 8b       	std	Y+17, r24	; 0x11
    u8 Local_u8Key = 0;


    /* Scan each row */
    for(Local_u8Row = 0;
        Local_u8Row < 4;
    210e:	89 89       	ldd	r24, Y+17	; 0x11
    2110:	84 30       	cpi	r24, 0x04	; 4
    2112:	08 f4       	brcc	.+2      	; 0x2116 <KEYPAD_GetKey+0x1b4>
    2114:	33 cf       	rjmp	.-410    	; 0x1f7c <KEYPAD_GetKey+0x1a>
            }
        }
    }


    return 0;
    2116:	1b 8a       	std	Y+19, r1	; 0x13
    2118:	8b 89       	ldd	r24, Y+19	; 0x13
}
    211a:	63 96       	adiw	r28, 0x13	; 19
    211c:	0f b6       	in	r0, 0x3f	; 63
    211e:	f8 94       	cli
    2120:	de bf       	out	0x3e, r29	; 62
    2122:	0f be       	out	0x3f, r0	; 63
    2124:	cd bf       	out	0x3d, r28	; 61
    2126:	cf 91       	pop	r28
    2128:	df 91       	pop	r29
    212a:	08 95       	ret

0000212c <BUTTON_Init>:

#include "../MCAL/DIO/DIO_Interface.h"


void BUTTON_Init(void)
{
    212c:	df 93       	push	r29
    212e:	cf 93       	push	r28
    2130:	cd b7       	in	r28, 0x3d	; 61
    2132:	de b7       	in	r29, 0x3e	; 62
    /* Configure Button Pin as Input */
    DIO_SetPinDirection(BUTTON_PORT,
    2134:	83 e0       	ldi	r24, 0x03	; 3
    2136:	67 e0       	ldi	r22, 0x07	; 7
    2138:	40 e0       	ldi	r20, 0x00	; 0
    213a:	0e 94 d1 06 	call	0xda2	; 0xda2 <DIO_SetPinDirection>
                        BUTTON_PIN,
                        DIO_INPUT);

    /* Enable Internal Pull-Up */
    DIO_SetPinValue(BUTTON_PORT,
    213e:	83 e0       	ldi	r24, 0x03	; 3
    2140:	67 e0       	ldi	r22, 0x07	; 7
    2142:	41 e0       	ldi	r20, 0x01	; 1
    2144:	0e 94 b4 07 	call	0xf68	; 0xf68 <DIO_SetPinValue>
                    BUTTON_PIN,
                    DIO_HIGH);
}
    2148:	cf 91       	pop	r28
    214a:	df 91       	pop	r29
    214c:	08 95       	ret

0000214e <BUTTON_GetState>:


u8 BUTTON_GetState(void)
{
    214e:	df 93       	push	r29
    2150:	cf 93       	push	r28
    2152:	00 d0       	rcall	.+0      	; 0x2154 <BUTTON_GetState+0x6>
    2154:	cd b7       	in	r28, 0x3d	; 61
    2156:	de b7       	in	r29, 0x3e	; 62
    u8 Local_u8State;

    DIO_GetPinValue(BUTTON_PORT,
    2158:	83 e0       	ldi	r24, 0x03	; 3
    215a:	67 e0       	ldi	r22, 0x07	; 7
    215c:	9e 01       	movw	r18, r28
    215e:	2f 5f       	subi	r18, 0xFF	; 255
    2160:	3f 4f       	sbci	r19, 0xFF	; 255
    2162:	a9 01       	movw	r20, r18
    2164:	0e 94 97 08 	call	0x112e	; 0x112e <DIO_GetPinValue>
                    BUTTON_PIN,
                    &Local_u8State);

    if(Local_u8State == DIO_LOW)
    2168:	89 81       	ldd	r24, Y+1	; 0x01
    216a:	88 23       	and	r24, r24
    216c:	19 f4       	brne	.+6      	; 0x2174 <BUTTON_GetState+0x26>
    {
        return 1;
    216e:	81 e0       	ldi	r24, 0x01	; 1
    2170:	8a 83       	std	Y+2, r24	; 0x02
    2172:	01 c0       	rjmp	.+2      	; 0x2176 <BUTTON_GetState+0x28>
    }

    return 0;
    2174:	1a 82       	std	Y+2, r1	; 0x02
    2176:	8a 81       	ldd	r24, Y+2	; 0x02
}
    2178:	0f 90       	pop	r0
    217a:	0f 90       	pop	r0
    217c:	cf 91       	pop	r28
    217e:	df 91       	pop	r29
    2180:	08 95       	ret

00002182 <System_Init>:
/* ========================================================================
 *                         SYSTEM INITIALIZATION
 * ======================================================================== */

void System_Init(void)
{
    2182:	df 93       	push	r29
    2184:	cf 93       	push	r28
    2186:	cd b7       	in	r28, 0x3d	; 61
    2188:	de b7       	in	r29, 0x3e	; 62
     * PB4 -> B
     * PB5 -> C
     * PB6 -> D
     * ============================================================== */

    DDRB |= (1 << PB3) |
    218a:	a7 e3       	ldi	r26, 0x37	; 55
    218c:	b0 e0       	ldi	r27, 0x00	; 0
    218e:	e7 e3       	ldi	r30, 0x37	; 55
    2190:	f0 e0       	ldi	r31, 0x00	; 0
    2192:	80 81       	ld	r24, Z
    2194:	88 67       	ori	r24, 0x78	; 120
    2196:	8c 93       	st	X, r24
            (1 << PB4) |
            (1 << PB5) |
            (1 << PB6);


    PORTB &= ~((1 << PB3) |
    2198:	a8 e3       	ldi	r26, 0x38	; 56
    219a:	b0 e0       	ldi	r27, 0x00	; 0
    219c:	e8 e3       	ldi	r30, 0x38	; 56
    219e:	f0 e0       	ldi	r31, 0x00	; 0
    21a0:	80 81       	ld	r24, Z
    21a2:	87 78       	andi	r24, 0x87	; 135
    21a4:	8c 93       	st	X, r24
     * PA3 -> Digit 4
     * PA4 -> Digit 5
     * PA5 -> Digit 6
     * ============================================================== */

    DDRA |= 0x3F;
    21a6:	aa e3       	ldi	r26, 0x3A	; 58
    21a8:	b0 e0       	ldi	r27, 0x00	; 0
    21aa:	ea e3       	ldi	r30, 0x3A	; 58
    21ac:	f0 e0       	ldi	r31, 0x00	; 0
    21ae:	80 81       	ld	r24, Z
    21b0:	8f 63       	ori	r24, 0x3F	; 63
    21b2:	8c 93       	st	X, r24

    PORTA &= 0xC0;
    21b4:	ab e3       	ldi	r26, 0x3B	; 59
    21b6:	b0 e0       	ldi	r27, 0x00	; 0
    21b8:	eb e3       	ldi	r30, 0x3B	; 59
    21ba:	f0 e0       	ldi	r31, 0x00	; 0
    21bc:	80 81       	ld	r24, Z
    21be:	80 7c       	andi	r24, 0xC0	; 192
    21c0:	8c 93       	st	X, r24
     * PB2 = Push Button
     *
     * Input + Internal Pull-up
     * ============================================================== */

    CLEAR_BIT(DDRB, BTN_SET);
    21c2:	a7 e3       	ldi	r26, 0x37	; 55
    21c4:	b0 e0       	ldi	r27, 0x00	; 0
    21c6:	e7 e3       	ldi	r30, 0x37	; 55
    21c8:	f0 e0       	ldi	r31, 0x00	; 0
    21ca:	80 81       	ld	r24, Z
    21cc:	8b 7f       	andi	r24, 0xFB	; 251
    21ce:	8c 93       	st	X, r24

    SET_BIT(PORTB, BTN_SET);
    21d0:	a8 e3       	ldi	r26, 0x38	; 56
    21d2:	b0 e0       	ldi	r27, 0x00	; 0
    21d4:	e8 e3       	ldi	r30, 0x38	; 56
    21d6:	f0 e0       	ldi	r31, 0x00	; 0
    21d8:	80 81       	ld	r24, Z
    21da:	84 60       	ori	r24, 0x04	; 4
    21dc:	8c 93       	st	X, r24

    /* ==============================================================
     * INT0 / INT1
     * ============================================================== */

    DDRD &= ~((1 << INT0_PIN) |
    21de:	a1 e3       	ldi	r26, 0x31	; 49
    21e0:	b0 e0       	ldi	r27, 0x00	; 0
    21e2:	e1 e3       	ldi	r30, 0x31	; 49
    21e4:	f0 e0       	ldi	r31, 0x00	; 0
    21e6:	80 81       	ld	r24, Z
    21e8:	83 7f       	andi	r24, 0xF3	; 243
    21ea:	8c 93       	st	X, r24

    /* ==============================================================
     * INT0 + INT1 Pull-up
     * ============================================================== */

    SET_BIT(PORTD, INT0_PIN);
    21ec:	a2 e3       	ldi	r26, 0x32	; 50
    21ee:	b0 e0       	ldi	r27, 0x00	; 0
    21f0:	e2 e3       	ldi	r30, 0x32	; 50
    21f2:	f0 e0       	ldi	r31, 0x00	; 0
    21f4:	80 81       	ld	r24, Z
    21f6:	84 60       	ori	r24, 0x04	; 4
    21f8:	8c 93       	st	X, r24
    SET_BIT(PORTD, INT1_PIN);
    21fa:	a2 e3       	ldi	r26, 0x32	; 50
    21fc:	b0 e0       	ldi	r27, 0x00	; 0
    21fe:	e2 e3       	ldi	r30, 0x32	; 50
    2200:	f0 e0       	ldi	r31, 0x00	; 0
    2202:	80 81       	ld	r24, Z
    2204:	88 60       	ori	r24, 0x08	; 8
    2206:	8c 93       	st	X, r24

    /* ==============================================================
     * INT0 Falling Edge
     * ============================================================== */

    MCUCR |= (1 << ISC01);
    2208:	a5 e5       	ldi	r26, 0x55	; 85
    220a:	b0 e0       	ldi	r27, 0x00	; 0
    220c:	e5 e5       	ldi	r30, 0x55	; 85
    220e:	f0 e0       	ldi	r31, 0x00	; 0
    2210:	80 81       	ld	r24, Z
    2212:	82 60       	ori	r24, 0x02	; 2
    2214:	8c 93       	st	X, r24

    MCUCR &= ~(1 << ISC00);
    2216:	a5 e5       	ldi	r26, 0x55	; 85
    2218:	b0 e0       	ldi	r27, 0x00	; 0
    221a:	e5 e5       	ldi	r30, 0x55	; 85
    221c:	f0 e0       	ldi	r31, 0x00	; 0
    221e:	80 81       	ld	r24, Z
    2220:	8e 7f       	andi	r24, 0xFE	; 254
    2222:	8c 93       	st	X, r24

    /* ==============================================================
     * INT1 Rising Edge
     * ============================================================== */

    MCUCR |= (1 << ISC11) |
    2224:	a5 e5       	ldi	r26, 0x55	; 85
    2226:	b0 e0       	ldi	r27, 0x00	; 0
    2228:	e5 e5       	ldi	r30, 0x55	; 85
    222a:	f0 e0       	ldi	r31, 0x00	; 0
    222c:	80 81       	ld	r24, Z
    222e:	8c 60       	ori	r24, 0x0C	; 12
    2230:	8c 93       	st	X, r24

    /* ==============================================================
     * Enable INT0 + INT1
     * ============================================================== */

    GICR |= (1 << INT0) |
    2232:	ab e5       	ldi	r26, 0x5B	; 91
    2234:	b0 e0       	ldi	r27, 0x00	; 0
    2236:	eb e5       	ldi	r30, 0x5B	; 91
    2238:	f0 e0       	ldi	r31, 0x00	; 0
    223a:	80 81       	ld	r24, Z
    223c:	80 6c       	ori	r24, 0xC0	; 192
    223e:	8c 93       	st	X, r24
     * OCR1A = 62499
     *
     * Interrupt every 1 second
     * ============================================================== */

    TCCR1B = (1 << WGM12) |
    2240:	ee e4       	ldi	r30, 0x4E	; 78
    2242:	f0 e0       	ldi	r31, 0x00	; 0
    2244:	8c e0       	ldi	r24, 0x0C	; 12
    2246:	80 83       	st	Z, r24
             (1 << CS12);

    OCR1A = TIMER1_COMPARE;
    2248:	ea e4       	ldi	r30, 0x4A	; 74
    224a:	f0 e0       	ldi	r31, 0x00	; 0
    224c:	83 e2       	ldi	r24, 0x23	; 35
    224e:	94 ef       	ldi	r25, 0xF4	; 244
    2250:	91 83       	std	Z+1, r25	; 0x01
    2252:	80 83       	st	Z, r24

    TIMSK |= (1 << OCIE1A);
    2254:	a9 e5       	ldi	r26, 0x59	; 89
    2256:	b0 e0       	ldi	r27, 0x00	; 0
    2258:	e9 e5       	ldi	r30, 0x59	; 89
    225a:	f0 e0       	ldi	r31, 0x00	; 0
    225c:	80 81       	ld	r24, Z
    225e:	80 61       	ori	r24, 0x10	; 16
    2260:	8c 93       	st	X, r24
     *
     * Seven Segment Multiplexing
     * Prescaler = 64
     * ============================================================== */

    TCCR0 = (1 << CS01) |
    2262:	e3 e5       	ldi	r30, 0x53	; 83
    2264:	f0 e0       	ldi	r31, 0x00	; 0
    2266:	83 e0       	ldi	r24, 0x03	; 3
    2268:	80 83       	st	Z, r24
            (1 << CS00);

    TCNT0 = TIMER0_RELOAD;
    226a:	e2 e5       	ldi	r30, 0x52	; 82
    226c:	f0 e0       	ldi	r31, 0x00	; 0
    226e:	86 e0       	ldi	r24, 0x06	; 6
    2270:	80 83       	st	Z, r24

    TIMSK |= (1 << TOIE0);
    2272:	a9 e5       	ldi	r26, 0x59	; 89
    2274:	b0 e0       	ldi	r27, 0x00	; 0
    2276:	e9 e5       	ldi	r30, 0x59	; 89
    2278:	f0 e0       	ldi	r31, 0x00	; 0
    227a:	80 81       	ld	r24, Z
    227c:	81 60       	ori	r24, 0x01	; 1
    227e:	8c 93       	st	X, r24
}
    2280:	cf 91       	pop	r28
    2282:	df 91       	pop	r29
    2284:	08 95       	ret

00002286 <__vector_11>:
 *
 *                    7-Segment Multiplexing
 * ======================================================================== */

ISR(TIMER0_OVF_vect)
{
    2286:	1f 92       	push	r1
    2288:	0f 92       	push	r0
    228a:	0f b6       	in	r0, 0x3f	; 63
    228c:	0f 92       	push	r0
    228e:	11 24       	eor	r1, r1
    2290:	2f 93       	push	r18
    2292:	3f 93       	push	r19
    2294:	4f 93       	push	r20
    2296:	6f 93       	push	r22
    2298:	7f 93       	push	r23
    229a:	8f 93       	push	r24
    229c:	9f 93       	push	r25
    229e:	af 93       	push	r26
    22a0:	bf 93       	push	r27
    22a2:	ef 93       	push	r30
    22a4:	ff 93       	push	r31
    22a6:	df 93       	push	r29
    22a8:	cf 93       	push	r28
    22aa:	00 d0       	rcall	.+0      	; 0x22ac <__vector_11+0x26>
    22ac:	0f 92       	push	r0
    22ae:	cd b7       	in	r28, 0x3d	; 61
    22b0:	de b7       	in	r29, 0x3e	; 62
    static u8 current_digit = 0;
    u8 val = 0;
    22b2:	19 82       	std	Y+1, r1	; 0x01

    TCNT0 = TIMER0_RELOAD;
    22b4:	e2 e5       	ldi	r30, 0x52	; 82
    22b6:	f0 e0       	ldi	r31, 0x00	; 0
    22b8:	86 e0       	ldi	r24, 0x06	; 6
    22ba:	80 83       	st	Z, r24

    /* Turn OFF all digits */
    PORTA &= 0xC0;
    22bc:	ab e3       	ldi	r26, 0x3B	; 59
    22be:	b0 e0       	ldi	r27, 0x00	; 0
    22c0:	eb e3       	ldi	r30, 0x3B	; 59
    22c2:	f0 e0       	ldi	r31, 0x00	; 0
    22c4:	80 81       	ld	r24, Z
    22c6:	80 7c       	andi	r24, 0xC0	; 192
    22c8:	8c 93       	st	X, r24

    /* Select digit value */
    switch(current_digit)
    22ca:	80 91 da 00 	lds	r24, 0x00DA
    22ce:	28 2f       	mov	r18, r24
    22d0:	30 e0       	ldi	r19, 0x00	; 0
    22d2:	3b 83       	std	Y+3, r19	; 0x03
    22d4:	2a 83       	std	Y+2, r18	; 0x02
    22d6:	8a 81       	ldd	r24, Y+2	; 0x02
    22d8:	9b 81       	ldd	r25, Y+3	; 0x03
    22da:	82 30       	cpi	r24, 0x02	; 2
    22dc:	91 05       	cpc	r25, r1
    22de:	81 f1       	breq	.+96     	; 0x2340 <__vector_11+0xba>
    22e0:	2a 81       	ldd	r18, Y+2	; 0x02
    22e2:	3b 81       	ldd	r19, Y+3	; 0x03
    22e4:	23 30       	cpi	r18, 0x03	; 3
    22e6:	31 05       	cpc	r19, r1
    22e8:	54 f4       	brge	.+20     	; 0x22fe <__vector_11+0x78>
    22ea:	8a 81       	ldd	r24, Y+2	; 0x02
    22ec:	9b 81       	ldd	r25, Y+3	; 0x03
    22ee:	00 97       	sbiw	r24, 0x00	; 0
    22f0:	b1 f0       	breq	.+44     	; 0x231e <__vector_11+0x98>
    22f2:	2a 81       	ldd	r18, Y+2	; 0x02
    22f4:	3b 81       	ldd	r19, Y+3	; 0x03
    22f6:	21 30       	cpi	r18, 0x01	; 1
    22f8:	31 05       	cpc	r19, r1
    22fa:	c9 f0       	breq	.+50     	; 0x232e <__vector_11+0xa8>
    22fc:	43 c0       	rjmp	.+134    	; 0x2384 <__vector_11+0xfe>
    22fe:	8a 81       	ldd	r24, Y+2	; 0x02
    2300:	9b 81       	ldd	r25, Y+3	; 0x03
    2302:	84 30       	cpi	r24, 0x04	; 4
    2304:	91 05       	cpc	r25, r1
    2306:	69 f1       	breq	.+90     	; 0x2362 <__vector_11+0xdc>
    2308:	2a 81       	ldd	r18, Y+2	; 0x02
    230a:	3b 81       	ldd	r19, Y+3	; 0x03
    230c:	24 30       	cpi	r18, 0x04	; 4
    230e:	31 05       	cpc	r19, r1
    2310:	fc f0       	brlt	.+62     	; 0x2350 <__vector_11+0xca>
    2312:	8a 81       	ldd	r24, Y+2	; 0x02
    2314:	9b 81       	ldd	r25, Y+3	; 0x03
    2316:	85 30       	cpi	r24, 0x05	; 5
    2318:	91 05       	cpc	r25, r1
    231a:	59 f1       	breq	.+86     	; 0x2372 <__vector_11+0xec>
    231c:	33 c0       	rjmp	.+102    	; 0x2384 <__vector_11+0xfe>
    {
        case 0:
            val = hr / 10;
    231e:	80 91 d8 00 	lds	r24, 0x00D8
    2322:	9a e0       	ldi	r25, 0x0A	; 10
    2324:	69 2f       	mov	r22, r25
    2326:	0e 94 74 15 	call	0x2ae8	; 0x2ae8 <__udivmodqi4>
    232a:	89 83       	std	Y+1, r24	; 0x01
    232c:	2e c0       	rjmp	.+92     	; 0x238a <__vector_11+0x104>
            break;

        case 1:
            val = hr % 10;
    232e:	80 91 d8 00 	lds	r24, 0x00D8
    2332:	9a e0       	ldi	r25, 0x0A	; 10
    2334:	69 2f       	mov	r22, r25
    2336:	0e 94 74 15 	call	0x2ae8	; 0x2ae8 <__udivmodqi4>
    233a:	89 2f       	mov	r24, r25
    233c:	89 83       	std	Y+1, r24	; 0x01
    233e:	25 c0       	rjmp	.+74     	; 0x238a <__vector_11+0x104>
            break;

        case 2:
            val = min / 10;
    2340:	80 91 d7 00 	lds	r24, 0x00D7
    2344:	9a e0       	ldi	r25, 0x0A	; 10
    2346:	69 2f       	mov	r22, r25
    2348:	0e 94 74 15 	call	0x2ae8	; 0x2ae8 <__udivmodqi4>
    234c:	89 83       	std	Y+1, r24	; 0x01
    234e:	1d c0       	rjmp	.+58     	; 0x238a <__vector_11+0x104>
            break;

        case 3:
            val = min % 10;
    2350:	80 91 d7 00 	lds	r24, 0x00D7
    2354:	9a e0       	ldi	r25, 0x0A	; 10
    2356:	69 2f       	mov	r22, r25
    2358:	0e 94 74 15 	call	0x2ae8	; 0x2ae8 <__udivmodqi4>
    235c:	89 2f       	mov	r24, r25
    235e:	89 83       	std	Y+1, r24	; 0x01
    2360:	14 c0       	rjmp	.+40     	; 0x238a <__vector_11+0x104>
            break;

        case 4:
            val = sec / 10;
    2362:	80 91 d6 00 	lds	r24, 0x00D6
    2366:	9a e0       	ldi	r25, 0x0A	; 10
    2368:	69 2f       	mov	r22, r25
    236a:	0e 94 74 15 	call	0x2ae8	; 0x2ae8 <__udivmodqi4>
    236e:	89 83       	std	Y+1, r24	; 0x01
    2370:	0c c0       	rjmp	.+24     	; 0x238a <__vector_11+0x104>
            break;

        case 5:
            val = sec % 10;
    2372:	80 91 d6 00 	lds	r24, 0x00D6
    2376:	9a e0       	ldi	r25, 0x0A	; 10
    2378:	69 2f       	mov	r22, r25
    237a:	0e 94 74 15 	call	0x2ae8	; 0x2ae8 <__udivmodqi4>
    237e:	89 2f       	mov	r24, r25
    2380:	89 83       	std	Y+1, r24	; 0x01
    2382:	03 c0       	rjmp	.+6      	; 0x238a <__vector_11+0x104>
            break;

        default:
            current_digit = 0;
    2384:	10 92 da 00 	sts	0x00DA, r1
            val = 0;
    2388:	19 82       	std	Y+1, r1	; 0x01
            break;
    }

    /* Send BCD to 7447 */
    PORTB &= 0x87;
    238a:	a8 e3       	ldi	r26, 0x38	; 56
    238c:	b0 e0       	ldi	r27, 0x00	; 0
    238e:	e8 e3       	ldi	r30, 0x38	; 56
    2390:	f0 e0       	ldi	r31, 0x00	; 0
    2392:	80 81       	ld	r24, Z
    2394:	87 78       	andi	r24, 0x87	; 135
    2396:	8c 93       	st	X, r24
    PORTB |= (val << 3);
    2398:	a8 e3       	ldi	r26, 0x38	; 56
    239a:	b0 e0       	ldi	r27, 0x00	; 0
    239c:	e8 e3       	ldi	r30, 0x38	; 56
    239e:	f0 e0       	ldi	r31, 0x00	; 0
    23a0:	80 81       	ld	r24, Z
    23a2:	28 2f       	mov	r18, r24
    23a4:	89 81       	ldd	r24, Y+1	; 0x01
    23a6:	88 2f       	mov	r24, r24
    23a8:	90 e0       	ldi	r25, 0x00	; 0
    23aa:	88 0f       	add	r24, r24
    23ac:	99 1f       	adc	r25, r25
    23ae:	88 0f       	add	r24, r24
    23b0:	99 1f       	adc	r25, r25
    23b2:	88 0f       	add	r24, r24
    23b4:	99 1f       	adc	r25, r25
    23b6:	82 2b       	or	r24, r18
    23b8:	8c 93       	st	X, r24

    /* Enable current digit */
    PORTA |= (1 << current_digit);
    23ba:	ab e3       	ldi	r26, 0x3B	; 59
    23bc:	b0 e0       	ldi	r27, 0x00	; 0
    23be:	eb e3       	ldi	r30, 0x3B	; 59
    23c0:	f0 e0       	ldi	r31, 0x00	; 0
    23c2:	80 81       	ld	r24, Z
    23c4:	48 2f       	mov	r20, r24
    23c6:	80 91 da 00 	lds	r24, 0x00DA
    23ca:	28 2f       	mov	r18, r24
    23cc:	30 e0       	ldi	r19, 0x00	; 0
    23ce:	81 e0       	ldi	r24, 0x01	; 1
    23d0:	90 e0       	ldi	r25, 0x00	; 0
    23d2:	02 2e       	mov	r0, r18
    23d4:	02 c0       	rjmp	.+4      	; 0x23da <__vector_11+0x154>
    23d6:	88 0f       	add	r24, r24
    23d8:	99 1f       	adc	r25, r25
    23da:	0a 94       	dec	r0
    23dc:	e2 f7       	brpl	.-8      	; 0x23d6 <__vector_11+0x150>
    23de:	84 2b       	or	r24, r20
    23e0:	8c 93       	st	X, r24

    /* Next digit */
    current_digit++;
    23e2:	80 91 da 00 	lds	r24, 0x00DA
    23e6:	8f 5f       	subi	r24, 0xFF	; 255
    23e8:	80 93 da 00 	sts	0x00DA, r24

    if(current_digit >= DISPLAY_DIGITS)
    23ec:	80 91 da 00 	lds	r24, 0x00DA
    23f0:	86 30       	cpi	r24, 0x06	; 6
    23f2:	10 f0       	brcs	.+4      	; 0x23f8 <__vector_11+0x172>
    {
        current_digit = 0;
    23f4:	10 92 da 00 	sts	0x00DA, r1
    }
}
    23f8:	0f 90       	pop	r0
    23fa:	0f 90       	pop	r0
    23fc:	0f 90       	pop	r0
    23fe:	cf 91       	pop	r28
    2400:	df 91       	pop	r29
    2402:	ff 91       	pop	r31
    2404:	ef 91       	pop	r30
    2406:	bf 91       	pop	r27
    2408:	af 91       	pop	r26
    240a:	9f 91       	pop	r25
    240c:	8f 91       	pop	r24
    240e:	7f 91       	pop	r23
    2410:	6f 91       	pop	r22
    2412:	4f 91       	pop	r20
    2414:	3f 91       	pop	r19
    2416:	2f 91       	pop	r18
    2418:	0f 90       	pop	r0
    241a:	0f be       	out	0x3f, r0	; 63
    241c:	0f 90       	pop	r0
    241e:	1f 90       	pop	r1
    2420:	18 95       	reti

00002422 <__vector_7>:
 *
 *                            1 Second
 * ======================================================================== */

ISR(TIMER1_COMPA_vect)
{
    2422:	1f 92       	push	r1
    2424:	0f 92       	push	r0
    2426:	0f b6       	in	r0, 0x3f	; 63
    2428:	0f 92       	push	r0
    242a:	11 24       	eor	r1, r1
    242c:	8f 93       	push	r24
    242e:	df 93       	push	r29
    2430:	cf 93       	push	r28
    2432:	cd b7       	in	r28, 0x3d	; 61
    2434:	de b7       	in	r29, 0x3e	; 62

    /* Do not count while stopped or setting */

    if(current_state != RUNNING)
    2436:	80 91 c5 00 	lds	r24, 0x00C5
    243a:	81 30       	cpi	r24, 0x01	; 1
    243c:	09 f0       	breq	.+2      	; 0x2440 <__vector_7+0x1e>
    243e:	55 c0       	rjmp	.+170    	; 0x24ea <__vector_7+0xc8>

    /* ==============================================================
     * INCREMENT MODE
     * ============================================================== */

    if(current_mode == INCREMENT)
    2440:	80 91 d9 00 	lds	r24, 0x00D9
    2444:	88 23       	and	r24, r24
    2446:	11 f5       	brne	.+68     	; 0x248c <__vector_7+0x6a>
    {

        sec++;
    2448:	80 91 d6 00 	lds	r24, 0x00D6
    244c:	8f 5f       	subi	r24, 0xFF	; 255
    244e:	80 93 d6 00 	sts	0x00D6, r24


        if(sec > 59)
    2452:	80 91 d6 00 	lds	r24, 0x00D6
    2456:	8c 33       	cpi	r24, 0x3C	; 60
    2458:	38 f0       	brcs	.+14     	; 0x2468 <__vector_7+0x46>
        {
            sec = 0;
    245a:	10 92 d6 00 	sts	0x00D6, r1

            min++;
    245e:	80 91 d7 00 	lds	r24, 0x00D7
    2462:	8f 5f       	subi	r24, 0xFF	; 255
    2464:	80 93 d7 00 	sts	0x00D7, r24
        }


        if(min > 59)
    2468:	80 91 d7 00 	lds	r24, 0x00D7
    246c:	8c 33       	cpi	r24, 0x3C	; 60
    246e:	38 f0       	brcs	.+14     	; 0x247e <__vector_7+0x5c>
        {
            min = 0;
    2470:	10 92 d7 00 	sts	0x00D7, r1

            hr++;
    2474:	80 91 d8 00 	lds	r24, 0x00D8
    2478:	8f 5f       	subi	r24, 0xFF	; 255
    247a:	80 93 d8 00 	sts	0x00D8, r24
        }


        if(hr > MAX_HOURS)
    247e:	80 91 d8 00 	lds	r24, 0x00D8
    2482:	84 36       	cpi	r24, 0x64	; 100
    2484:	90 f1       	brcs	.+100    	; 0x24ea <__vector_7+0xc8>
        {
            hr = 0;
    2486:	10 92 d8 00 	sts	0x00D8, r1
    248a:	2f c0       	rjmp	.+94     	; 0x24ea <__vector_7+0xc8>
     * ============================================================== */

    else
    {

        if(sec == 0 &&
    248c:	80 91 d6 00 	lds	r24, 0x00D6
    2490:	88 23       	and	r24, r24
    2492:	61 f4       	brne	.+24     	; 0x24ac <__vector_7+0x8a>
    2494:	80 91 d7 00 	lds	r24, 0x00D7
    2498:	88 23       	and	r24, r24
    249a:	41 f4       	brne	.+16     	; 0x24ac <__vector_7+0x8a>
    249c:	80 91 d8 00 	lds	r24, 0x00D8
    24a0:	88 23       	and	r24, r24
    24a2:	21 f4       	brne	.+8      	; 0x24ac <__vector_7+0x8a>
           min == 0 &&
           hr == 0)
        {
            current_state = ALARM;
    24a4:	83 e0       	ldi	r24, 0x03	; 3
    24a6:	80 93 c5 00 	sts	0x00C5, r24
    24aa:	1f c0       	rjmp	.+62     	; 0x24ea <__vector_7+0xc8>
        }

        else if(sec == 0)
    24ac:	80 91 d6 00 	lds	r24, 0x00D6
    24b0:	88 23       	and	r24, r24
    24b2:	b1 f4       	brne	.+44     	; 0x24e0 <__vector_7+0xbe>
        {

            sec = 59;
    24b4:	8b e3       	ldi	r24, 0x3B	; 59
    24b6:	80 93 d6 00 	sts	0x00D6, r24

            if(min == 0)
    24ba:	80 91 d7 00 	lds	r24, 0x00D7
    24be:	88 23       	and	r24, r24
    24c0:	49 f4       	brne	.+18     	; 0x24d4 <__vector_7+0xb2>
            {
                min = 59;
    24c2:	8b e3       	ldi	r24, 0x3B	; 59
    24c4:	80 93 d7 00 	sts	0x00D7, r24

                hr--;
    24c8:	80 91 d8 00 	lds	r24, 0x00D8
    24cc:	81 50       	subi	r24, 0x01	; 1
    24ce:	80 93 d8 00 	sts	0x00D8, r24
    24d2:	0b c0       	rjmp	.+22     	; 0x24ea <__vector_7+0xc8>
            }

            else
            {
                min--;
    24d4:	80 91 d7 00 	lds	r24, 0x00D7
    24d8:	81 50       	subi	r24, 0x01	; 1
    24da:	80 93 d7 00 	sts	0x00D7, r24
    24de:	05 c0       	rjmp	.+10     	; 0x24ea <__vector_7+0xc8>
            }
        }

        else
        {
            sec--;
    24e0:	80 91 d6 00 	lds	r24, 0x00D6
    24e4:	81 50       	subi	r24, 0x01	; 1
    24e6:	80 93 d6 00 	sts	0x00D6, r24
        }
    }
}
    24ea:	cf 91       	pop	r28
    24ec:	df 91       	pop	r29
    24ee:	8f 91       	pop	r24
    24f0:	0f 90       	pop	r0
    24f2:	0f be       	out	0x3f, r0	; 63
    24f4:	0f 90       	pop	r0
    24f6:	1f 90       	pop	r1
    24f8:	18 95       	reti

000024fa <__vector_1>:
 *
 *                              RESET
 * ======================================================================== */

ISR(INT0_vect)
{
    24fa:	1f 92       	push	r1
    24fc:	0f 92       	push	r0
    24fe:	0f b6       	in	r0, 0x3f	; 63
    2500:	0f 92       	push	r0
    2502:	11 24       	eor	r1, r1
    2504:	df 93       	push	r29
    2506:	cf 93       	push	r28
    2508:	cd b7       	in	r28, 0x3d	; 61
    250a:	de b7       	in	r29, 0x3e	; 62
    sec = 0;
    250c:	10 92 d6 00 	sts	0x00D6, r1
    min = 0;
    2510:	10 92 d7 00 	sts	0x00D7, r1
    hr  = 0;
    2514:	10 92 d8 00 	sts	0x00D8, r1

    current_state = STOPPED;
    2518:	10 92 c5 00 	sts	0x00C5, r1
}
    251c:	cf 91       	pop	r28
    251e:	df 91       	pop	r29
    2520:	0f 90       	pop	r0
    2522:	0f be       	out	0x3f, r0	; 63
    2524:	0f 90       	pop	r0
    2526:	1f 90       	pop	r1
    2528:	18 95       	reti

0000252a <__vector_2>:
 *
 *                              PAUSE
 * ======================================================================== */

ISR(INT1_vect)
{
    252a:	1f 92       	push	r1
    252c:	0f 92       	push	r0
    252e:	0f b6       	in	r0, 0x3f	; 63
    2530:	0f 92       	push	r0
    2532:	11 24       	eor	r1, r1
    2534:	8f 93       	push	r24
    2536:	df 93       	push	r29
    2538:	cf 93       	push	r28
    253a:	cd b7       	in	r28, 0x3d	; 61
    253c:	de b7       	in	r29, 0x3e	; 62
    if(current_state == RUNNING)
    253e:	80 91 c5 00 	lds	r24, 0x00C5
    2542:	81 30       	cpi	r24, 0x01	; 1
    2544:	11 f4       	brne	.+4      	; 0x254a <__vector_2+0x20>
    {
        current_state = STOPPED;
    2546:	10 92 c5 00 	sts	0x00C5, r1
    }
}
    254a:	cf 91       	pop	r28
    254c:	df 91       	pop	r29
    254e:	8f 91       	pop	r24
    2550:	0f 90       	pop	r0
    2552:	0f be       	out	0x3f, r0	; 63
    2554:	0f 90       	pop	r0
    2556:	1f 90       	pop	r1
    2558:	18 95       	reti

0000255a <Handle_SetButton>:
/* ========================================================================
 *                         SET BUTTON HANDLER
 * ======================================================================== */

static void Handle_SetButton(void)
{
    255a:	df 93       	push	r29
    255c:	cf 93       	push	r28
    255e:	cd b7       	in	r28, 0x3d	; 61
    2560:	de b7       	in	r29, 0x3e	; 62
    2562:	2e 97       	sbiw	r28, 0x0e	; 14
    2564:	0f b6       	in	r0, 0x3f	; 63
    2566:	f8 94       	cli
    2568:	de bf       	out	0x3e, r29	; 62
    256a:	0f be       	out	0x3f, r0	; 63
    256c:	cd bf       	out	0x3d, r28	; 61

    /* Button not pressed */

    if(READ_BIT(PINB, BTN_SET))
    256e:	e6 e3       	ldi	r30, 0x36	; 54
    2570:	f0 e0       	ldi	r31, 0x00	; 0
    2572:	80 81       	ld	r24, Z
    2574:	86 95       	lsr	r24
    2576:	86 95       	lsr	r24
    2578:	88 2f       	mov	r24, r24
    257a:	90 e0       	ldi	r25, 0x00	; 0
    257c:	81 70       	andi	r24, 0x01	; 1
    257e:	90 70       	andi	r25, 0x00	; 0
    2580:	88 23       	and	r24, r24
    2582:	09 f0       	breq	.+2      	; 0x2586 <Handle_SetButton+0x2c>
    2584:	8d c0       	rjmp	.+282    	; 0x26a0 <Handle_SetButton+0x146>
    {
        return;
    2586:	80 e0       	ldi	r24, 0x00	; 0
    2588:	90 e0       	ldi	r25, 0x00	; 0
    258a:	a0 ef       	ldi	r26, 0xF0	; 240
    258c:	b1 e4       	ldi	r27, 0x41	; 65
    258e:	8b 87       	std	Y+11, r24	; 0x0b
    2590:	9c 87       	std	Y+12, r25	; 0x0c
    2592:	ad 87       	std	Y+13, r26	; 0x0d
    2594:	be 87       	std	Y+14, r27	; 0x0e
 */
void
_delay_ms(double __ms)
{
	uint16_t __ticks;
	double __tmp = ((F_CPU) / 4e3) * __ms;
    2596:	6b 85       	ldd	r22, Y+11	; 0x0b
    2598:	7c 85       	ldd	r23, Y+12	; 0x0c
    259a:	8d 85       	ldd	r24, Y+13	; 0x0d
    259c:	9e 85       	ldd	r25, Y+14	; 0x0e
    259e:	20 e0       	ldi	r18, 0x00	; 0
    25a0:	30 e0       	ldi	r19, 0x00	; 0
    25a2:	4a e7       	ldi	r20, 0x7A	; 122
    25a4:	55 e4       	ldi	r21, 0x45	; 69
    25a6:	0e 94 1f 02 	call	0x43e	; 0x43e <__mulsf3>
    25aa:	dc 01       	movw	r26, r24
    25ac:	cb 01       	movw	r24, r22
    25ae:	8f 83       	std	Y+7, r24	; 0x07
    25b0:	98 87       	std	Y+8, r25	; 0x08
    25b2:	a9 87       	std	Y+9, r26	; 0x09
    25b4:	ba 87       	std	Y+10, r27	; 0x0a
	if (__tmp < 1.0)
    25b6:	6f 81       	ldd	r22, Y+7	; 0x07
    25b8:	78 85       	ldd	r23, Y+8	; 0x08
    25ba:	89 85       	ldd	r24, Y+9	; 0x09
    25bc:	9a 85       	ldd	r25, Y+10	; 0x0a
    25be:	20 e0       	ldi	r18, 0x00	; 0
    25c0:	30 e0       	ldi	r19, 0x00	; 0
    25c2:	40 e8       	ldi	r20, 0x80	; 128
    25c4:	5f e3       	ldi	r21, 0x3F	; 63
    25c6:	0e 94 25 04 	call	0x84a	; 0x84a <__ltsf2>
    25ca:	88 23       	and	r24, r24
    25cc:	2c f4       	brge	.+10     	; 0x25d8 <Handle_SetButton+0x7e>
		__ticks = 1;
    25ce:	81 e0       	ldi	r24, 0x01	; 1
    25d0:	90 e0       	ldi	r25, 0x00	; 0
    25d2:	9e 83       	std	Y+6, r25	; 0x06
    25d4:	8d 83       	std	Y+5, r24	; 0x05
    25d6:	3f c0       	rjmp	.+126    	; 0x2656 <Handle_SetButton+0xfc>
	else if (__tmp > 65535)
    25d8:	6f 81       	ldd	r22, Y+7	; 0x07
    25da:	78 85       	ldd	r23, Y+8	; 0x08
    25dc:	89 85       	ldd	r24, Y+9	; 0x09
    25de:	9a 85       	ldd	r25, Y+10	; 0x0a
    25e0:	20 e0       	ldi	r18, 0x00	; 0
    25e2:	3f ef       	ldi	r19, 0xFF	; 255
    25e4:	4f e7       	ldi	r20, 0x7F	; 127
    25e6:	57 e4       	ldi	r21, 0x47	; 71
    25e8:	0e 94 c5 03 	call	0x78a	; 0x78a <__gtsf2>
    25ec:	18 16       	cp	r1, r24
    25ee:	4c f5       	brge	.+82     	; 0x2642 <Handle_SetButton+0xe8>
	{
		//	__ticks = requested delay in 1/10 ms
		__ticks = (uint16_t) (__ms * 10.0);
    25f0:	6b 85       	ldd	r22, Y+11	; 0x0b
    25f2:	7c 85       	ldd	r23, Y+12	; 0x0c
    25f4:	8d 85       	ldd	r24, Y+13	; 0x0d
    25f6:	9e 85       	ldd	r25, Y+14	; 0x0e
    25f8:	20 e0       	ldi	r18, 0x00	; 0
    25fa:	30 e0       	ldi	r19, 0x00	; 0
    25fc:	40 e2       	ldi	r20, 0x20	; 32
    25fe:	51 e4       	ldi	r21, 0x41	; 65
    2600:	0e 94 1f 02 	call	0x43e	; 0x43e <__mulsf3>
    2604:	dc 01       	movw	r26, r24
    2606:	cb 01       	movw	r24, r22
    2608:	bc 01       	movw	r22, r24
    260a:	cd 01       	movw	r24, r26
    260c:	0e 94 49 00 	call	0x92	; 0x92 <__fixunssfsi>
    2610:	dc 01       	movw	r26, r24
    2612:	cb 01       	movw	r24, r22
    2614:	9e 83       	std	Y+6, r25	; 0x06
    2616:	8d 83       	std	Y+5, r24	; 0x05
    2618:	0f c0       	rjmp	.+30     	; 0x2638 <Handle_SetButton+0xde>
    261a:	80 e9       	ldi	r24, 0x90	; 144
    261c:	91 e0       	ldi	r25, 0x01	; 1
    261e:	9c 83       	std	Y+4, r25	; 0x04
    2620:	8b 83       	std	Y+3, r24	; 0x03
    2622:	8b 81       	ldd	r24, Y+3	; 0x03
    2624:	9c 81       	ldd	r25, Y+4	; 0x04
    2626:	01 97       	sbiw	r24, 0x01	; 1
    2628:	f1 f7       	brne	.-4      	; 0x2626 <Handle_SetButton+0xcc>
    262a:	9c 83       	std	Y+4, r25	; 0x04
    262c:	8b 83       	std	Y+3, r24	; 0x03
		while(__ticks)
		{
			// wait 1/10 ms
			_delay_loop_2(((F_CPU) / 4e3) / 10);
			__ticks --;
    262e:	8d 81       	ldd	r24, Y+5	; 0x05
    2630:	9e 81       	ldd	r25, Y+6	; 0x06
    2632:	01 97       	sbiw	r24, 0x01	; 1
    2634:	9e 83       	std	Y+6, r25	; 0x06
    2636:	8d 83       	std	Y+5, r24	; 0x05
		__ticks = 1;
	else if (__tmp > 65535)
	{
		//	__ticks = requested delay in 1/10 ms
		__ticks = (uint16_t) (__ms * 10.0);
		while(__ticks)
    2638:	8d 81       	ldd	r24, Y+5	; 0x05
    263a:	9e 81       	ldd	r25, Y+6	; 0x06
    263c:	00 97       	sbiw	r24, 0x00	; 0
    263e:	69 f7       	brne	.-38     	; 0x261a <Handle_SetButton+0xc0>
    2640:	14 c0       	rjmp	.+40     	; 0x266a <Handle_SetButton+0x110>
			__ticks --;
		}
		return;
	}
	else
		__ticks = (uint16_t)__tmp;
    2642:	6f 81       	ldd	r22, Y+7	; 0x07
    2644:	78 85       	ldd	r23, Y+8	; 0x08
    2646:	89 85       	ldd	r24, Y+9	; 0x09
    2648:	9a 85       	ldd	r25, Y+10	; 0x0a
    264a:	0e 94 49 00 	call	0x92	; 0x92 <__fixunssfsi>
    264e:	dc 01       	movw	r26, r24
    2650:	cb 01       	movw	r24, r22
    2652:	9e 83       	std	Y+6, r25	; 0x06
    2654:	8d 83       	std	Y+5, r24	; 0x05
    2656:	8d 81       	ldd	r24, Y+5	; 0x05
    2658:	9e 81       	ldd	r25, Y+6	; 0x06
    265a:	9a 83       	std	Y+2, r25	; 0x02
    265c:	89 83       	std	Y+1, r24	; 0x01
    265e:	89 81       	ldd	r24, Y+1	; 0x01
    2660:	9a 81       	ldd	r25, Y+2	; 0x02
    2662:	01 97       	sbiw	r24, 0x01	; 1
    2664:	f1 f7       	brne	.-4      	; 0x2662 <Handle_SetButton+0x108>
    2666:	9a 83       	std	Y+2, r25	; 0x02
    2668:	89 83       	std	Y+1, r24	; 0x01
    _delay_ms(DEBOUNCE_MS);


    /* Check again */

    if(READ_BIT(PINB, BTN_SET))
    266a:	e6 e3       	ldi	r30, 0x36	; 54
    266c:	f0 e0       	ldi	r31, 0x00	; 0
    266e:	80 81       	ld	r24, Z
    2670:	86 95       	lsr	r24
    2672:	86 95       	lsr	r24
    2674:	88 2f       	mov	r24, r24
    2676:	90 e0       	ldi	r25, 0x00	; 0
    2678:	81 70       	andi	r24, 0x01	; 1
    267a:	90 70       	andi	r25, 0x00	; 0
    267c:	88 23       	and	r24, r24
    267e:	81 f4       	brne	.+32     	; 0x26a0 <Handle_SetButton+0x146>
    }


    /* Enter SETTING mode */

    current_state = SETTING;
    2680:	82 e0       	ldi	r24, 0x02	; 2
    2682:	80 93 c5 00 	sts	0x00C5, r24


    /* Wait until button is released */

    while(!READ_BIT(PINB, BTN_SET));
    2686:	e6 e3       	ldi	r30, 0x36	; 54
    2688:	f0 e0       	ldi	r31, 0x00	; 0
    268a:	80 81       	ld	r24, Z
    268c:	86 95       	lsr	r24
    268e:	86 95       	lsr	r24
    2690:	88 2f       	mov	r24, r24
    2692:	90 e0       	ldi	r25, 0x00	; 0
    2694:	81 70       	andi	r24, 0x01	; 1
    2696:	90 70       	andi	r25, 0x00	; 0
    2698:	00 97       	sbiw	r24, 0x00	; 0
    269a:	a9 f3       	breq	.-22     	; 0x2686 <Handle_SetButton+0x12c>


    /* Start time setting */

    Set_Clock_Time();
    269c:	0e 94 59 13 	call	0x26b2	; 0x26b2 <Set_Clock_Time>
}
    26a0:	2e 96       	adiw	r28, 0x0e	; 14
    26a2:	0f b6       	in	r0, 0x3f	; 63
    26a4:	f8 94       	cli
    26a6:	de bf       	out	0x3e, r29	; 62
    26a8:	0f be       	out	0x3f, r0	; 63
    26aa:	cd bf       	out	0x3d, r28	; 61
    26ac:	cf 91       	pop	r28
    26ae:	df 91       	pop	r29
    26b0:	08 95       	ret

000026b2 <Set_Clock_Time>:
/* ========================================================================
 *                           SET CLOCK TIME
 * ======================================================================== */

static void Set_Clock_Time(void)
{
    26b2:	df 93       	push	r29
    26b4:	cf 93       	push	r28
    26b6:	cd b7       	in	r28, 0x3d	; 61
    26b8:	de b7       	in	r29, 0x3e	; 62
    26ba:	a7 97       	sbiw	r28, 0x27	; 39
    26bc:	0f b6       	in	r0, 0x3f	; 63
    26be:	f8 94       	cli
    26c0:	de bf       	out	0x3e, r29	; 62
    26c2:	0f be       	out	0x3f, r0	; 63
    26c4:	cd bf       	out	0x3d, r28	; 61

    u8 key;

    u8 digit_count = 0;
    26c6:	18 a2       	std	Y+32, r1	; 0x20

    u8 digits[6];


    LCD_Clear();
    26c8:	0e 94 b7 0e 	call	0x1d6e	; 0x1d6e <LCD_Clear>

    LCD_SetCursor(0, 0);
    26cc:	80 e0       	ldi	r24, 0x00	; 0
    26ce:	60 e0       	ldi	r22, 0x00	; 0
    26d0:	0e 94 3f 0f 	call	0x1e7e	; 0x1e7e <LCD_SetCursor>

    LCD_SendString("SET TIME");
    26d4:	80 e6       	ldi	r24, 0x60	; 96
    26d6:	90 e0       	ldi	r25, 0x00	; 0
    26d8:	0e 94 44 0e 	call	0x1c88	; 0x1c88 <LCD_SendString>

    LCD_SetCursor(1, 0);
    26dc:	81 e0       	ldi	r24, 0x01	; 1
    26de:	60 e0       	ldi	r22, 0x00	; 0
    26e0:	0e 94 3f 0f 	call	0x1e7e	; 0x1e7e <LCD_SetCursor>
    26e4:	1b c0       	rjmp	.+54     	; 0x271c <Set_Clock_Time+0x6a>


    while(digit_count < 6)
    {

        key = KEYPAD_GetKey();
    26e6:	0e 94 b1 0f 	call	0x1f62	; 0x1f62 <KEYPAD_GetKey>
    26ea:	89 a3       	std	Y+33, r24	; 0x21


        if(key >= '0' && key <= '9')
    26ec:	89 a1       	ldd	r24, Y+33	; 0x21
    26ee:	80 33       	cpi	r24, 0x30	; 48
    26f0:	a8 f0       	brcs	.+42     	; 0x271c <Set_Clock_Time+0x6a>
    26f2:	89 a1       	ldd	r24, Y+33	; 0x21
    26f4:	8a 33       	cpi	r24, 0x3A	; 58
    26f6:	90 f4       	brcc	.+36     	; 0x271c <Set_Clock_Time+0x6a>
        {

            digits[digit_count] = key - '0';
    26f8:	88 a1       	ldd	r24, Y+32	; 0x20
    26fa:	28 2f       	mov	r18, r24
    26fc:	30 e0       	ldi	r19, 0x00	; 0
    26fe:	89 a1       	ldd	r24, Y+33	; 0x21
    2700:	48 2f       	mov	r20, r24
    2702:	40 53       	subi	r20, 0x30	; 48
    2704:	ce 01       	movw	r24, r28
    2706:	82 96       	adiw	r24, 0x22	; 34
    2708:	fc 01       	movw	r30, r24
    270a:	e2 0f       	add	r30, r18
    270c:	f3 1f       	adc	r31, r19
    270e:	40 83       	st	Z, r20

            LCD_SendChar(key);
    2710:	89 a1       	ldd	r24, Y+33	; 0x21
    2712:	0e 94 b4 0b 	call	0x1768	; 0x1768 <LCD_SendChar>

            digit_count++;
    2716:	88 a1       	ldd	r24, Y+32	; 0x20
    2718:	8f 5f       	subi	r24, 0xFF	; 255
    271a:	88 a3       	std	Y+32, r24	; 0x20
    LCD_SendString("SET TIME");

    LCD_SetCursor(1, 0);


    while(digit_count < 6)
    271c:	88 a1       	ldd	r24, Y+32	; 0x20
    271e:	86 30       	cpi	r24, 0x06	; 6
    2720:	10 f3       	brcs	.-60     	; 0x26e6 <Set_Clock_Time+0x34>
    u8 new_minute;

    u8 new_second;


    new_hour =
    2722:	8a a1       	ldd	r24, Y+34	; 0x22
    2724:	88 2f       	mov	r24, r24
    2726:	90 e0       	ldi	r25, 0x00	; 0
    2728:	9c 01       	movw	r18, r24
    272a:	22 0f       	add	r18, r18
    272c:	33 1f       	adc	r19, r19
    272e:	c9 01       	movw	r24, r18
    2730:	88 0f       	add	r24, r24
    2732:	99 1f       	adc	r25, r25
    2734:	88 0f       	add	r24, r24
    2736:	99 1f       	adc	r25, r25
    2738:	82 0f       	add	r24, r18
    273a:	93 1f       	adc	r25, r19
    273c:	98 2f       	mov	r25, r24
    273e:	8b a1       	ldd	r24, Y+35	; 0x23
    2740:	89 0f       	add	r24, r25
    2742:	8f 8f       	std	Y+31, r24	; 0x1f
        (digits[0] * 10) +
        digits[1];


    new_minute =
    2744:	8c a1       	ldd	r24, Y+36	; 0x24
    2746:	88 2f       	mov	r24, r24
    2748:	90 e0       	ldi	r25, 0x00	; 0
    274a:	9c 01       	movw	r18, r24
    274c:	22 0f       	add	r18, r18
    274e:	33 1f       	adc	r19, r19
    2750:	c9 01       	movw	r24, r18
    2752:	88 0f       	add	r24, r24
    2754:	99 1f       	adc	r25, r25
    2756:	88 0f       	add	r24, r24
    2758:	99 1f       	adc	r25, r25
    275a:	82 0f       	add	r24, r18
    275c:	93 1f       	adc	r25, r19
    275e:	98 2f       	mov	r25, r24
    2760:	8d a1       	ldd	r24, Y+37	; 0x25
    2762:	89 0f       	add	r24, r25
    2764:	8e 8f       	std	Y+30, r24	; 0x1e
        (digits[2] * 10) +
        digits[3];


    new_second =
    2766:	8e a1       	ldd	r24, Y+38	; 0x26
    2768:	88 2f       	mov	r24, r24
    276a:	90 e0       	ldi	r25, 0x00	; 0
    276c:	9c 01       	movw	r18, r24
    276e:	22 0f       	add	r18, r18
    2770:	33 1f       	adc	r19, r19
    2772:	c9 01       	movw	r24, r18
    2774:	88 0f       	add	r24, r24
    2776:	99 1f       	adc	r25, r25
    2778:	88 0f       	add	r24, r24
    277a:	99 1f       	adc	r25, r25
    277c:	82 0f       	add	r24, r18
    277e:	93 1f       	adc	r25, r19
    2780:	98 2f       	mov	r25, r24
    2782:	8f a1       	ldd	r24, Y+39	; 0x27
    2784:	89 0f       	add	r24, r25
    2786:	8d 8f       	std	Y+29, r24	; 0x1d
        (digits[4] * 10) +
        digits[5];


    if(new_hour > 99 ||
    2788:	8f 8d       	ldd	r24, Y+31	; 0x1f
    278a:	84 36       	cpi	r24, 0x64	; 100
    278c:	38 f4       	brcc	.+14     	; 0x279c <Set_Clock_Time+0xea>
    278e:	8e 8d       	ldd	r24, Y+30	; 0x1e
    2790:	8c 33       	cpi	r24, 0x3C	; 60
    2792:	20 f4       	brcc	.+8      	; 0x279c <Set_Clock_Time+0xea>
    2794:	8d 8d       	ldd	r24, Y+29	; 0x1d
    2796:	8c 33       	cpi	r24, 0x3C	; 60
    2798:	08 f4       	brcc	.+2      	; 0x279c <Set_Clock_Time+0xea>
    279a:	7f c0       	rjmp	.+254    	; 0x289a <Set_Clock_Time+0x1e8>
       new_minute > 59 ||
       new_second > 59)
    {

        LCD_Clear();
    279c:	0e 94 b7 0e 	call	0x1d6e	; 0x1d6e <LCD_Clear>

        LCD_SetCursor(0, 0);
    27a0:	80 e0       	ldi	r24, 0x00	; 0
    27a2:	60 e0       	ldi	r22, 0x00	; 0
    27a4:	0e 94 3f 0f 	call	0x1e7e	; 0x1e7e <LCD_SetCursor>

        LCD_SendString("INVALID TIME");
    27a8:	89 e6       	ldi	r24, 0x69	; 105
    27aa:	90 e0       	ldi	r25, 0x00	; 0
    27ac:	0e 94 44 0e 	call	0x1c88	; 0x1c88 <LCD_SendString>
    27b0:	80 e0       	ldi	r24, 0x00	; 0
    27b2:	90 e8       	ldi	r25, 0x80	; 128
    27b4:	ab eb       	ldi	r26, 0xBB	; 187
    27b6:	b4 e4       	ldi	r27, 0x44	; 68
    27b8:	89 8f       	std	Y+25, r24	; 0x19
    27ba:	9a 8f       	std	Y+26, r25	; 0x1a
    27bc:	ab 8f       	std	Y+27, r26	; 0x1b
    27be:	bc 8f       	std	Y+28, r27	; 0x1c
 */
void
_delay_ms(double __ms)
{
	uint16_t __ticks;
	double __tmp = ((F_CPU) / 4e3) * __ms;
    27c0:	69 8d       	ldd	r22, Y+25	; 0x19
    27c2:	7a 8d       	ldd	r23, Y+26	; 0x1a
    27c4:	8b 8d       	ldd	r24, Y+27	; 0x1b
    27c6:	9c 8d       	ldd	r25, Y+28	; 0x1c
    27c8:	20 e0       	ldi	r18, 0x00	; 0
    27ca:	30 e0       	ldi	r19, 0x00	; 0
    27cc:	4a e7       	ldi	r20, 0x7A	; 122
    27ce:	55 e4       	ldi	r21, 0x45	; 69
    27d0:	0e 94 1f 02 	call	0x43e	; 0x43e <__mulsf3>
    27d4:	dc 01       	movw	r26, r24
    27d6:	cb 01       	movw	r24, r22
    27d8:	8d 8b       	std	Y+21, r24	; 0x15
    27da:	9e 8b       	std	Y+22, r25	; 0x16
    27dc:	af 8b       	std	Y+23, r26	; 0x17
    27de:	b8 8f       	std	Y+24, r27	; 0x18
	if (__tmp < 1.0)
    27e0:	6d 89       	ldd	r22, Y+21	; 0x15
    27e2:	7e 89       	ldd	r23, Y+22	; 0x16
    27e4:	8f 89       	ldd	r24, Y+23	; 0x17
    27e6:	98 8d       	ldd	r25, Y+24	; 0x18
    27e8:	20 e0       	ldi	r18, 0x00	; 0
    27ea:	30 e0       	ldi	r19, 0x00	; 0
    27ec:	40 e8       	ldi	r20, 0x80	; 128
    27ee:	5f e3       	ldi	r21, 0x3F	; 63
    27f0:	0e 94 25 04 	call	0x84a	; 0x84a <__ltsf2>
    27f4:	88 23       	and	r24, r24
    27f6:	2c f4       	brge	.+10     	; 0x2802 <Set_Clock_Time+0x150>
		__ticks = 1;
    27f8:	81 e0       	ldi	r24, 0x01	; 1
    27fa:	90 e0       	ldi	r25, 0x00	; 0
    27fc:	9c 8b       	std	Y+20, r25	; 0x14
    27fe:	8b 8b       	std	Y+19, r24	; 0x13
    2800:	3f c0       	rjmp	.+126    	; 0x2880 <Set_Clock_Time+0x1ce>
	else if (__tmp > 65535)
    2802:	6d 89       	ldd	r22, Y+21	; 0x15
    2804:	7e 89       	ldd	r23, Y+22	; 0x16
    2806:	8f 89       	ldd	r24, Y+23	; 0x17
    2808:	98 8d       	ldd	r25, Y+24	; 0x18
    280a:	20 e0       	ldi	r18, 0x00	; 0
    280c:	3f ef       	ldi	r19, 0xFF	; 255
    280e:	4f e7       	ldi	r20, 0x7F	; 127
    2810:	57 e4       	ldi	r21, 0x47	; 71
    2812:	0e 94 c5 03 	call	0x78a	; 0x78a <__gtsf2>
    2816:	18 16       	cp	r1, r24
    2818:	4c f5       	brge	.+82     	; 0x286c <Set_Clock_Time+0x1ba>
	{
		//	__ticks = requested delay in 1/10 ms
		__ticks = (uint16_t) (__ms * 10.0);
    281a:	69 8d       	ldd	r22, Y+25	; 0x19
    281c:	7a 8d       	ldd	r23, Y+26	; 0x1a
    281e:	8b 8d       	ldd	r24, Y+27	; 0x1b
    2820:	9c 8d       	ldd	r25, Y+28	; 0x1c
    2822:	20 e0       	ldi	r18, 0x00	; 0
    2824:	30 e0       	ldi	r19, 0x00	; 0
    2826:	40 e2       	ldi	r20, 0x20	; 32
    2828:	51 e4       	ldi	r21, 0x41	; 65
    282a:	0e 94 1f 02 	call	0x43e	; 0x43e <__mulsf3>
    282e:	dc 01       	movw	r26, r24
    2830:	cb 01       	movw	r24, r22
    2832:	bc 01       	movw	r22, r24
    2834:	cd 01       	movw	r24, r26
    2836:	0e 94 49 00 	call	0x92	; 0x92 <__fixunssfsi>
    283a:	dc 01       	movw	r26, r24
    283c:	cb 01       	movw	r24, r22
    283e:	9c 8b       	std	Y+20, r25	; 0x14
    2840:	8b 8b       	std	Y+19, r24	; 0x13
    2842:	0f c0       	rjmp	.+30     	; 0x2862 <Set_Clock_Time+0x1b0>
    2844:	80 e9       	ldi	r24, 0x90	; 144
    2846:	91 e0       	ldi	r25, 0x01	; 1
    2848:	9a 8b       	std	Y+18, r25	; 0x12
    284a:	89 8b       	std	Y+17, r24	; 0x11
    284c:	89 89       	ldd	r24, Y+17	; 0x11
    284e:	9a 89       	ldd	r25, Y+18	; 0x12
    2850:	01 97       	sbiw	r24, 0x01	; 1
    2852:	f1 f7       	brne	.-4      	; 0x2850 <Set_Clock_Time+0x19e>
    2854:	9a 8b       	std	Y+18, r25	; 0x12
    2856:	89 8b       	std	Y+17, r24	; 0x11
		while(__ticks)
		{
			// wait 1/10 ms
			_delay_loop_2(((F_CPU) / 4e3) / 10);
			__ticks --;
    2858:	8b 89       	ldd	r24, Y+19	; 0x13
    285a:	9c 89       	ldd	r25, Y+20	; 0x14
    285c:	01 97       	sbiw	r24, 0x01	; 1
    285e:	9c 8b       	std	Y+20, r25	; 0x14
    2860:	8b 8b       	std	Y+19, r24	; 0x13
		__ticks = 1;
	else if (__tmp > 65535)
	{
		//	__ticks = requested delay in 1/10 ms
		__ticks = (uint16_t) (__ms * 10.0);
		while(__ticks)
    2862:	8b 89       	ldd	r24, Y+19	; 0x13
    2864:	9c 89       	ldd	r25, Y+20	; 0x14
    2866:	00 97       	sbiw	r24, 0x00	; 0
    2868:	69 f7       	brne	.-38     	; 0x2844 <Set_Clock_Time+0x192>
    286a:	14 c0       	rjmp	.+40     	; 0x2894 <Set_Clock_Time+0x1e2>
			__ticks --;
		}
		return;
	}
	else
		__ticks = (uint16_t)__tmp;
    286c:	6d 89       	ldd	r22, Y+21	; 0x15
    286e:	7e 89       	ldd	r23, Y+22	; 0x16
    2870:	8f 89       	ldd	r24, Y+23	; 0x17
    2872:	98 8d       	ldd	r25, Y+24	; 0x18
    2874:	0e 94 49 00 	call	0x92	; 0x92 <__fixunssfsi>
    2878:	dc 01       	movw	r26, r24
    287a:	cb 01       	movw	r24, r22
    287c:	9c 8b       	std	Y+20, r25	; 0x14
    287e:	8b 8b       	std	Y+19, r24	; 0x13
    2880:	8b 89       	ldd	r24, Y+19	; 0x13
    2882:	9c 89       	ldd	r25, Y+20	; 0x14
    2884:	98 8b       	std	Y+16, r25	; 0x10
    2886:	8f 87       	std	Y+15, r24	; 0x0f
    2888:	8f 85       	ldd	r24, Y+15	; 0x0f
    288a:	98 89       	ldd	r25, Y+16	; 0x10
    288c:	01 97       	sbiw	r24, 0x01	; 1
    288e:	f1 f7       	brne	.-4      	; 0x288c <Set_Clock_Time+0x1da>
    2890:	98 8b       	std	Y+16, r25	; 0x10
    2892:	8f 87       	std	Y+15, r24	; 0x0f

        _delay_ms(1500);

        current_state = STOPPED;
    2894:	10 92 c5 00 	sts	0x00C5, r1
    2898:	8a c0       	rjmp	.+276    	; 0x29ae <Set_Clock_Time+0x2fc>

        return;
    }


    hr  = new_hour;
    289a:	8f 8d       	ldd	r24, Y+31	; 0x1f
    289c:	80 93 d8 00 	sts	0x00D8, r24
    min = new_minute;
    28a0:	8e 8d       	ldd	r24, Y+30	; 0x1e
    28a2:	80 93 d7 00 	sts	0x00D7, r24
    sec = new_second;
    28a6:	8d 8d       	ldd	r24, Y+29	; 0x1d
    28a8:	80 93 d6 00 	sts	0x00D6, r24


    current_state = RUNNING;
    28ac:	81 e0       	ldi	r24, 0x01	; 1
    28ae:	80 93 c5 00 	sts	0x00C5, r24


    LCD_Clear();
    28b2:	0e 94 b7 0e 	call	0x1d6e	; 0x1d6e <LCD_Clear>

    LCD_SetCursor(0, 0);
    28b6:	80 e0       	ldi	r24, 0x00	; 0
    28b8:	60 e0       	ldi	r22, 0x00	; 0
    28ba:	0e 94 3f 0f 	call	0x1e7e	; 0x1e7e <LCD_SetCursor>

    LCD_SendString("TIME SET");
    28be:	86 e7       	ldi	r24, 0x76	; 118
    28c0:	90 e0       	ldi	r25, 0x00	; 0
    28c2:	0e 94 44 0e 	call	0x1c88	; 0x1c88 <LCD_SendString>
    28c6:	80 e0       	ldi	r24, 0x00	; 0
    28c8:	90 e0       	ldi	r25, 0x00	; 0
    28ca:	aa e7       	ldi	r26, 0x7A	; 122
    28cc:	b4 e4       	ldi	r27, 0x44	; 68
    28ce:	8b 87       	std	Y+11, r24	; 0x0b
    28d0:	9c 87       	std	Y+12, r25	; 0x0c
    28d2:	ad 87       	std	Y+13, r26	; 0x0d
    28d4:	be 87       	std	Y+14, r27	; 0x0e
 */
void
_delay_ms(double __ms)
{
	uint16_t __ticks;
	double __tmp = ((F_CPU) / 4e3) * __ms;
    28d6:	6b 85       	ldd	r22, Y+11	; 0x0b
    28d8:	7c 85       	ldd	r23, Y+12	; 0x0c
    28da:	8d 85       	ldd	r24, Y+13	; 0x0d
    28dc:	9e 85       	ldd	r25, Y+14	; 0x0e
    28de:	20 e0       	ldi	r18, 0x00	; 0
    28e0:	30 e0       	ldi	r19, 0x00	; 0
    28e2:	4a e7       	ldi	r20, 0x7A	; 122
    28e4:	55 e4       	ldi	r21, 0x45	; 69
    28e6:	0e 94 1f 02 	call	0x43e	; 0x43e <__mulsf3>
    28ea:	dc 01       	movw	r26, r24
    28ec:	cb 01       	movw	r24, r22
    28ee:	8f 83       	std	Y+7, r24	; 0x07
    28f0:	98 87       	std	Y+8, r25	; 0x08
    28f2:	a9 87       	std	Y+9, r26	; 0x09
    28f4:	ba 87       	std	Y+10, r27	; 0x0a
	if (__tmp < 1.0)
    28f6:	6f 81       	ldd	r22, Y+7	; 0x07
    28f8:	78 85       	ldd	r23, Y+8	; 0x08
    28fa:	89 85       	ldd	r24, Y+9	; 0x09
    28fc:	9a 85       	ldd	r25, Y+10	; 0x0a
    28fe:	20 e0       	ldi	r18, 0x00	; 0
    2900:	30 e0       	ldi	r19, 0x00	; 0
    2902:	40 e8       	ldi	r20, 0x80	; 128
    2904:	5f e3       	ldi	r21, 0x3F	; 63
    2906:	0e 94 25 04 	call	0x84a	; 0x84a <__ltsf2>
    290a:	88 23       	and	r24, r24
    290c:	2c f4       	brge	.+10     	; 0x2918 <Set_Clock_Time+0x266>
		__ticks = 1;
    290e:	81 e0       	ldi	r24, 0x01	; 1
    2910:	90 e0       	ldi	r25, 0x00	; 0
    2912:	9e 83       	std	Y+6, r25	; 0x06
    2914:	8d 83       	std	Y+5, r24	; 0x05
    2916:	3f c0       	rjmp	.+126    	; 0x2996 <Set_Clock_Time+0x2e4>
	else if (__tmp > 65535)
    2918:	6f 81       	ldd	r22, Y+7	; 0x07
    291a:	78 85       	ldd	r23, Y+8	; 0x08
    291c:	89 85       	ldd	r24, Y+9	; 0x09
    291e:	9a 85       	ldd	r25, Y+10	; 0x0a
    2920:	20 e0       	ldi	r18, 0x00	; 0
    2922:	3f ef       	ldi	r19, 0xFF	; 255
    2924:	4f e7       	ldi	r20, 0x7F	; 127
    2926:	57 e4       	ldi	r21, 0x47	; 71
    2928:	0e 94 c5 03 	call	0x78a	; 0x78a <__gtsf2>
    292c:	18 16       	cp	r1, r24
    292e:	4c f5       	brge	.+82     	; 0x2982 <Set_Clock_Time+0x2d0>
	{
		//	__ticks = requested delay in 1/10 ms
		__ticks = (uint16_t) (__ms * 10.0);
    2930:	6b 85       	ldd	r22, Y+11	; 0x0b
    2932:	7c 85       	ldd	r23, Y+12	; 0x0c
    2934:	8d 85       	ldd	r24, Y+13	; 0x0d
    2936:	9e 85       	ldd	r25, Y+14	; 0x0e
    2938:	20 e0       	ldi	r18, 0x00	; 0
    293a:	30 e0       	ldi	r19, 0x00	; 0
    293c:	40 e2       	ldi	r20, 0x20	; 32
    293e:	51 e4       	ldi	r21, 0x41	; 65
    2940:	0e 94 1f 02 	call	0x43e	; 0x43e <__mulsf3>
    2944:	dc 01       	movw	r26, r24
    2946:	cb 01       	movw	r24, r22
    2948:	bc 01       	movw	r22, r24
    294a:	cd 01       	movw	r24, r26
    294c:	0e 94 49 00 	call	0x92	; 0x92 <__fixunssfsi>
    2950:	dc 01       	movw	r26, r24
    2952:	cb 01       	movw	r24, r22
    2954:	9e 83       	std	Y+6, r25	; 0x06
    2956:	8d 83       	std	Y+5, r24	; 0x05
    2958:	0f c0       	rjmp	.+30     	; 0x2978 <Set_Clock_Time+0x2c6>
    295a:	80 e9       	ldi	r24, 0x90	; 144
    295c:	91 e0       	ldi	r25, 0x01	; 1
    295e:	9c 83       	std	Y+4, r25	; 0x04
    2960:	8b 83       	std	Y+3, r24	; 0x03
    2962:	8b 81       	ldd	r24, Y+3	; 0x03
    2964:	9c 81       	ldd	r25, Y+4	; 0x04
    2966:	01 97       	sbiw	r24, 0x01	; 1
    2968:	f1 f7       	brne	.-4      	; 0x2966 <Set_Clock_Time+0x2b4>
    296a:	9c 83       	std	Y+4, r25	; 0x04
    296c:	8b 83       	std	Y+3, r24	; 0x03
		while(__ticks)
		{
			// wait 1/10 ms
			_delay_loop_2(((F_CPU) / 4e3) / 10);
			__ticks --;
    296e:	8d 81       	ldd	r24, Y+5	; 0x05
    2970:	9e 81       	ldd	r25, Y+6	; 0x06
    2972:	01 97       	sbiw	r24, 0x01	; 1
    2974:	9e 83       	std	Y+6, r25	; 0x06
    2976:	8d 83       	std	Y+5, r24	; 0x05
		__ticks = 1;
	else if (__tmp > 65535)
	{
		//	__ticks = requested delay in 1/10 ms
		__ticks = (uint16_t) (__ms * 10.0);
		while(__ticks)
    2978:	8d 81       	ldd	r24, Y+5	; 0x05
    297a:	9e 81       	ldd	r25, Y+6	; 0x06
    297c:	00 97       	sbiw	r24, 0x00	; 0
    297e:	69 f7       	brne	.-38     	; 0x295a <Set_Clock_Time+0x2a8>
    2980:	14 c0       	rjmp	.+40     	; 0x29aa <Set_Clock_Time+0x2f8>
			__ticks --;
		}
		return;
	}
	else
		__ticks = (uint16_t)__tmp;
    2982:	6f 81       	ldd	r22, Y+7	; 0x07
    2984:	78 85       	ldd	r23, Y+8	; 0x08
    2986:	89 85       	ldd	r24, Y+9	; 0x09
    2988:	9a 85       	ldd	r25, Y+10	; 0x0a
    298a:	0e 94 49 00 	call	0x92	; 0x92 <__fixunssfsi>
    298e:	dc 01       	movw	r26, r24
    2990:	cb 01       	movw	r24, r22
    2992:	9e 83       	std	Y+6, r25	; 0x06
    2994:	8d 83       	std	Y+5, r24	; 0x05
    2996:	8d 81       	ldd	r24, Y+5	; 0x05
    2998:	9e 81       	ldd	r25, Y+6	; 0x06
    299a:	9a 83       	std	Y+2, r25	; 0x02
    299c:	89 83       	std	Y+1, r24	; 0x01
    299e:	89 81       	ldd	r24, Y+1	; 0x01
    29a0:	9a 81       	ldd	r25, Y+2	; 0x02
    29a2:	01 97       	sbiw	r24, 0x01	; 1
    29a4:	f1 f7       	brne	.-4      	; 0x29a2 <Set_Clock_Time+0x2f0>
    29a6:	9a 83       	std	Y+2, r25	; 0x02
    29a8:	89 83       	std	Y+1, r24	; 0x01

    _delay_ms(1000);

    LCD_Clear();
    29aa:	0e 94 b7 0e 	call	0x1d6e	; 0x1d6e <LCD_Clear>
}
    29ae:	a7 96       	adiw	r28, 0x27	; 39
    29b0:	0f b6       	in	r0, 0x3f	; 63
    29b2:	f8 94       	cli
    29b4:	de bf       	out	0x3e, r29	; 62
    29b6:	0f be       	out	0x3f, r0	; 63
    29b8:	cd bf       	out	0x3d, r28	; 61
    29ba:	cf 91       	pop	r28
    29bc:	df 91       	pop	r29
    29be:	08 95       	ret

000029c0 <main>:
 *
 *                    TEMPORARY DEBUG VERSION
 * ======================================================================== */

int main(void)
{
    29c0:	df 93       	push	r29
    29c2:	cf 93       	push	r28
    29c4:	00 d0       	rcall	.+0      	; 0x29c6 <main+0x6>
    29c6:	00 d0       	rcall	.+0      	; 0x29c8 <main+0x8>
    29c8:	0f 92       	push	r0
    29ca:	cd b7       	in	r28, 0x3d	; 61
    29cc:	de b7       	in	r29, 0x3e	; 62
    u8 key;

    LCD_Init();
    29ce:	0e 94 4c 0c 	call	0x1898	; 0x1898 <LCD_Init>
    KEYPAD_Init();
    29d2:	0e 94 5a 0f 	call	0x1eb4	; 0x1eb4 <KEYPAD_Init>
    ADC_Init();
    29d6:	0e 94 1b 09 	call	0x1236	; 0x1236 <ADC_Init>

    System_Init();
    29da:	0e 94 c1 10 	call	0x2182	; 0x2182 <System_Init>
    sei();
    29de:	78 94       	sei

    while(1)
    {
        /* Push Button SET */
        Handle_SetButton();
    29e0:	0e 94 ad 12 	call	0x255a	; 0x255a <Handle_SetButton>

        /* Read Keypad */
        key = KEYPAD_GetKey();
    29e4:	0e 94 b1 0f 	call	0x1f62	; 0x1f62 <KEYPAD_GetKey>
    29e8:	8d 83       	std	Y+5, r24	; 0x05

        /* Prayer Times */
        if(key == 'D')
    29ea:	8d 81       	ldd	r24, Y+5	; 0x05
    29ec:	84 34       	cpi	r24, 0x44	; 68
    29ee:	39 f4       	brne	.+14     	; 0x29fe <main+0x3e>
        {
            LCD_Clear();
    29f0:	0e 94 b7 0e 	call	0x1d6e	; 0x1d6e <LCD_Clear>
            LCD_SendString("FAJR 05:18");
    29f4:	8f e7       	ldi	r24, 0x7F	; 127
    29f6:	90 e0       	ldi	r25, 0x00	; 0
    29f8:	0e 94 44 0e 	call	0x1c88	; 0x1c88 <LCD_SendString>
    29fc:	f1 cf       	rjmp	.-30     	; 0x29e0 <main+0x20>
        }
        else if(key == '/')
    29fe:	8d 81       	ldd	r24, Y+5	; 0x05
    2a00:	8f 32       	cpi	r24, 0x2F	; 47
    2a02:	39 f4       	brne	.+14     	; 0x2a12 <main+0x52>
        {
            LCD_Clear();
    2a04:	0e 94 b7 0e 	call	0x1d6e	; 0x1d6e <LCD_Clear>
            LCD_SendString("DHUHR 12:48");
    2a08:	8a e8       	ldi	r24, 0x8A	; 138
    2a0a:	90 e0       	ldi	r25, 0x00	; 0
    2a0c:	0e 94 44 0e 	call	0x1c88	; 0x1c88 <LCD_SendString>
    2a10:	e7 cf       	rjmp	.-50     	; 0x29e0 <main+0x20>
        }
        else if(key == 'x')
    2a12:	8d 81       	ldd	r24, Y+5	; 0x05
    2a14:	88 37       	cpi	r24, 0x78	; 120
    2a16:	39 f4       	brne	.+14     	; 0x2a26 <main+0x66>
        {
            LCD_Clear();
    2a18:	0e 94 b7 0e 	call	0x1d6e	; 0x1d6e <LCD_Clear>
            LCD_SendString("ASR 4:15");
    2a1c:	86 e9       	ldi	r24, 0x96	; 150
    2a1e:	90 e0       	ldi	r25, 0x00	; 0
    2a20:	0e 94 44 0e 	call	0x1c88	; 0x1c88 <LCD_SendString>
    2a24:	dd cf       	rjmp	.-70     	; 0x29e0 <main+0x20>
        }
        else if(key == '-')
    2a26:	8d 81       	ldd	r24, Y+5	; 0x05
    2a28:	8d 32       	cpi	r24, 0x2D	; 45
    2a2a:	39 f4       	brne	.+14     	; 0x2a3a <main+0x7a>
        {
            LCD_Clear();
    2a2c:	0e 94 b7 0e 	call	0x1d6e	; 0x1d6e <LCD_Clear>
            LCD_SendString("MAGHRIB 6:50");
    2a30:	8f e9       	ldi	r24, 0x9F	; 159
    2a32:	90 e0       	ldi	r25, 0x00	; 0
    2a34:	0e 94 44 0e 	call	0x1c88	; 0x1c88 <LCD_SendString>
    2a38:	d3 cf       	rjmp	.-90     	; 0x29e0 <main+0x20>
        }
        else if(key == '+')
    2a3a:	8d 81       	ldd	r24, Y+5	; 0x05
    2a3c:	8b 32       	cpi	r24, 0x2B	; 43
    2a3e:	39 f4       	brne	.+14     	; 0x2a4e <main+0x8e>
        {
            LCD_Clear();
    2a40:	0e 94 b7 0e 	call	0x1d6e	; 0x1d6e <LCD_Clear>
            LCD_SendString("ISHA 8:08");
    2a44:	8c ea       	ldi	r24, 0xAC	; 172
    2a46:	90 e0       	ldi	r25, 0x00	; 0
    2a48:	0e 94 44 0e 	call	0x1c88	; 0x1c88 <LCD_SendString>
    2a4c:	c9 cf       	rjmp	.-110    	; 0x29e0 <main+0x20>
        }

        /* Temperature */
        else if(key == '=')
    2a4e:	8d 81       	ldd	r24, Y+5	; 0x05
    2a50:	8d 33       	cpi	r24, 0x3D	; 61
    2a52:	31 f6       	brne	.-116    	; 0x29e0 <main+0x20>
        {
            u16 adc_value;
            u16 temperature;

            adc_value = ADC_Read(7);
    2a54:	87 e0       	ldi	r24, 0x07	; 7
    2a56:	0e 94 2a 09 	call	0x1254	; 0x1254 <ADC_Read>
    2a5a:	9c 83       	std	Y+4, r25	; 0x04
    2a5c:	8b 83       	std	Y+3, r24	; 0x03

            temperature = ((u32)adc_value * 500UL) / 1023UL;
    2a5e:	8b 81       	ldd	r24, Y+3	; 0x03
    2a60:	9c 81       	ldd	r25, Y+4	; 0x04
    2a62:	cc 01       	movw	r24, r24
    2a64:	a0 e0       	ldi	r26, 0x00	; 0
    2a66:	b0 e0       	ldi	r27, 0x00	; 0
    2a68:	24 ef       	ldi	r18, 0xF4	; 244
    2a6a:	31 e0       	ldi	r19, 0x01	; 1
    2a6c:	40 e0       	ldi	r20, 0x00	; 0
    2a6e:	50 e0       	ldi	r21, 0x00	; 0
    2a70:	bc 01       	movw	r22, r24
    2a72:	cd 01       	movw	r24, r26
    2a74:	0e 94 55 15 	call	0x2aaa	; 0x2aaa <__mulsi3>
    2a78:	dc 01       	movw	r26, r24
    2a7a:	cb 01       	movw	r24, r22
    2a7c:	2f ef       	ldi	r18, 0xFF	; 255
    2a7e:	33 e0       	ldi	r19, 0x03	; 3
    2a80:	40 e0       	ldi	r20, 0x00	; 0
    2a82:	50 e0       	ldi	r21, 0x00	; 0
    2a84:	bc 01       	movw	r22, r24
    2a86:	cd 01       	movw	r24, r26
    2a88:	0e 94 94 15 	call	0x2b28	; 0x2b28 <__udivmodsi4>
    2a8c:	da 01       	movw	r26, r20
    2a8e:	c9 01       	movw	r24, r18
    2a90:	9a 83       	std	Y+2, r25	; 0x02
    2a92:	89 83       	std	Y+1, r24	; 0x01
            LCD_Clear();
    2a94:	0e 94 b7 0e 	call	0x1d6e	; 0x1d6e <LCD_Clear>
            LCD_SendString("Temp: ");
    2a98:	86 eb       	ldi	r24, 0xB6	; 182
    2a9a:	90 e0       	ldi	r25, 0x00	; 0
    2a9c:	0e 94 44 0e 	call	0x1c88	; 0x1c88 <LCD_SendString>
            LCD_SendNumber(temperature);
    2aa0:	89 81       	ldd	r24, Y+1	; 0x01
    2aa2:	9a 81       	ldd	r25, Y+2	; 0x02
    2aa4:	0e 94 60 0e 	call	0x1cc0	; 0x1cc0 <LCD_SendNumber>
    2aa8:	9b cf       	rjmp	.-202    	; 0x29e0 <main+0x20>

00002aaa <__mulsi3>:
    2aaa:	62 9f       	mul	r22, r18
    2aac:	d0 01       	movw	r26, r0
    2aae:	73 9f       	mul	r23, r19
    2ab0:	f0 01       	movw	r30, r0
    2ab2:	82 9f       	mul	r24, r18
    2ab4:	e0 0d       	add	r30, r0
    2ab6:	f1 1d       	adc	r31, r1
    2ab8:	64 9f       	mul	r22, r20
    2aba:	e0 0d       	add	r30, r0
    2abc:	f1 1d       	adc	r31, r1
    2abe:	92 9f       	mul	r25, r18
    2ac0:	f0 0d       	add	r31, r0
    2ac2:	83 9f       	mul	r24, r19
    2ac4:	f0 0d       	add	r31, r0
    2ac6:	74 9f       	mul	r23, r20
    2ac8:	f0 0d       	add	r31, r0
    2aca:	65 9f       	mul	r22, r21
    2acc:	f0 0d       	add	r31, r0
    2ace:	99 27       	eor	r25, r25
    2ad0:	72 9f       	mul	r23, r18
    2ad2:	b0 0d       	add	r27, r0
    2ad4:	e1 1d       	adc	r30, r1
    2ad6:	f9 1f       	adc	r31, r25
    2ad8:	63 9f       	mul	r22, r19
    2ada:	b0 0d       	add	r27, r0
    2adc:	e1 1d       	adc	r30, r1
    2ade:	f9 1f       	adc	r31, r25
    2ae0:	bd 01       	movw	r22, r26
    2ae2:	cf 01       	movw	r24, r30
    2ae4:	11 24       	eor	r1, r1
    2ae6:	08 95       	ret

00002ae8 <__udivmodqi4>:
    2ae8:	99 1b       	sub	r25, r25
    2aea:	79 e0       	ldi	r23, 0x09	; 9
    2aec:	04 c0       	rjmp	.+8      	; 0x2af6 <__udivmodqi4_ep>

00002aee <__udivmodqi4_loop>:
    2aee:	99 1f       	adc	r25, r25
    2af0:	96 17       	cp	r25, r22
    2af2:	08 f0       	brcs	.+2      	; 0x2af6 <__udivmodqi4_ep>
    2af4:	96 1b       	sub	r25, r22

00002af6 <__udivmodqi4_ep>:
    2af6:	88 1f       	adc	r24, r24
    2af8:	7a 95       	dec	r23
    2afa:	c9 f7       	brne	.-14     	; 0x2aee <__udivmodqi4_loop>
    2afc:	80 95       	com	r24
    2afe:	08 95       	ret

00002b00 <__udivmodhi4>:
    2b00:	aa 1b       	sub	r26, r26
    2b02:	bb 1b       	sub	r27, r27
    2b04:	51 e1       	ldi	r21, 0x11	; 17
    2b06:	07 c0       	rjmp	.+14     	; 0x2b16 <__udivmodhi4_ep>

00002b08 <__udivmodhi4_loop>:
    2b08:	aa 1f       	adc	r26, r26
    2b0a:	bb 1f       	adc	r27, r27
    2b0c:	a6 17       	cp	r26, r22
    2b0e:	b7 07       	cpc	r27, r23
    2b10:	10 f0       	brcs	.+4      	; 0x2b16 <__udivmodhi4_ep>
    2b12:	a6 1b       	sub	r26, r22
    2b14:	b7 0b       	sbc	r27, r23

00002b16 <__udivmodhi4_ep>:
    2b16:	88 1f       	adc	r24, r24
    2b18:	99 1f       	adc	r25, r25
    2b1a:	5a 95       	dec	r21
    2b1c:	a9 f7       	brne	.-22     	; 0x2b08 <__udivmodhi4_loop>
    2b1e:	80 95       	com	r24
    2b20:	90 95       	com	r25
    2b22:	bc 01       	movw	r22, r24
    2b24:	cd 01       	movw	r24, r26
    2b26:	08 95       	ret

00002b28 <__udivmodsi4>:
    2b28:	a1 e2       	ldi	r26, 0x21	; 33
    2b2a:	1a 2e       	mov	r1, r26
    2b2c:	aa 1b       	sub	r26, r26
    2b2e:	bb 1b       	sub	r27, r27
    2b30:	fd 01       	movw	r30, r26
    2b32:	0d c0       	rjmp	.+26     	; 0x2b4e <__udivmodsi4_ep>

00002b34 <__udivmodsi4_loop>:
    2b34:	aa 1f       	adc	r26, r26
    2b36:	bb 1f       	adc	r27, r27
    2b38:	ee 1f       	adc	r30, r30
    2b3a:	ff 1f       	adc	r31, r31
    2b3c:	a2 17       	cp	r26, r18
    2b3e:	b3 07       	cpc	r27, r19
    2b40:	e4 07       	cpc	r30, r20
    2b42:	f5 07       	cpc	r31, r21
    2b44:	20 f0       	brcs	.+8      	; 0x2b4e <__udivmodsi4_ep>
    2b46:	a2 1b       	sub	r26, r18
    2b48:	b3 0b       	sbc	r27, r19
    2b4a:	e4 0b       	sbc	r30, r20
    2b4c:	f5 0b       	sbc	r31, r21

00002b4e <__udivmodsi4_ep>:
    2b4e:	66 1f       	adc	r22, r22
    2b50:	77 1f       	adc	r23, r23
    2b52:	88 1f       	adc	r24, r24
    2b54:	99 1f       	adc	r25, r25
    2b56:	1a 94       	dec	r1
    2b58:	69 f7       	brne	.-38     	; 0x2b34 <__udivmodsi4_loop>
    2b5a:	60 95       	com	r22
    2b5c:	70 95       	com	r23
    2b5e:	80 95       	com	r24
    2b60:	90 95       	com	r25
    2b62:	9b 01       	movw	r18, r22
    2b64:	ac 01       	movw	r20, r24
    2b66:	bd 01       	movw	r22, r26
    2b68:	cf 01       	movw	r24, r30
    2b6a:	08 95       	ret

00002b6c <__prologue_saves__>:
    2b6c:	2f 92       	push	r2
    2b6e:	3f 92       	push	r3
    2b70:	4f 92       	push	r4
    2b72:	5f 92       	push	r5
    2b74:	6f 92       	push	r6
    2b76:	7f 92       	push	r7
    2b78:	8f 92       	push	r8
    2b7a:	9f 92       	push	r9
    2b7c:	af 92       	push	r10
    2b7e:	bf 92       	push	r11
    2b80:	cf 92       	push	r12
    2b82:	df 92       	push	r13
    2b84:	ef 92       	push	r14
    2b86:	ff 92       	push	r15
    2b88:	0f 93       	push	r16
    2b8a:	1f 93       	push	r17
    2b8c:	cf 93       	push	r28
    2b8e:	df 93       	push	r29
    2b90:	cd b7       	in	r28, 0x3d	; 61
    2b92:	de b7       	in	r29, 0x3e	; 62
    2b94:	ca 1b       	sub	r28, r26
    2b96:	db 0b       	sbc	r29, r27
    2b98:	0f b6       	in	r0, 0x3f	; 63
    2b9a:	f8 94       	cli
    2b9c:	de bf       	out	0x3e, r29	; 62
    2b9e:	0f be       	out	0x3f, r0	; 63
    2ba0:	cd bf       	out	0x3d, r28	; 61
    2ba2:	09 94       	ijmp

00002ba4 <__epilogue_restores__>:
    2ba4:	2a 88       	ldd	r2, Y+18	; 0x12
    2ba6:	39 88       	ldd	r3, Y+17	; 0x11
    2ba8:	48 88       	ldd	r4, Y+16	; 0x10
    2baa:	5f 84       	ldd	r5, Y+15	; 0x0f
    2bac:	6e 84       	ldd	r6, Y+14	; 0x0e
    2bae:	7d 84       	ldd	r7, Y+13	; 0x0d
    2bb0:	8c 84       	ldd	r8, Y+12	; 0x0c
    2bb2:	9b 84       	ldd	r9, Y+11	; 0x0b
    2bb4:	aa 84       	ldd	r10, Y+10	; 0x0a
    2bb6:	b9 84       	ldd	r11, Y+9	; 0x09
    2bb8:	c8 84       	ldd	r12, Y+8	; 0x08
    2bba:	df 80       	ldd	r13, Y+7	; 0x07
    2bbc:	ee 80       	ldd	r14, Y+6	; 0x06
    2bbe:	fd 80       	ldd	r15, Y+5	; 0x05
    2bc0:	0c 81       	ldd	r16, Y+4	; 0x04
    2bc2:	1b 81       	ldd	r17, Y+3	; 0x03
    2bc4:	aa 81       	ldd	r26, Y+2	; 0x02
    2bc6:	b9 81       	ldd	r27, Y+1	; 0x01
    2bc8:	ce 0f       	add	r28, r30
    2bca:	d1 1d       	adc	r29, r1
    2bcc:	0f b6       	in	r0, 0x3f	; 63
    2bce:	f8 94       	cli
    2bd0:	de bf       	out	0x3e, r29	; 62
    2bd2:	0f be       	out	0x3f, r0	; 63
    2bd4:	cd bf       	out	0x3d, r28	; 61
    2bd6:	ed 01       	movw	r28, r26
    2bd8:	08 95       	ret

00002bda <_exit>:
    2bda:	f8 94       	cli

00002bdc <__stop_program>:
    2bdc:	ff cf       	rjmp	.-2      	; 0x2bdc <__stop_program>
